标准编号 	标准名称 										
GB31701-2015 	《婴幼儿及儿童纺织产品安全技术规范》 										
GB18401-2010 	《国家纺织产品基本安全技术规范》 										
GB18383-2007 	《絮用纤维制品通用技术要求》 										
GB5296.4-2012 	《消费品使用说明第四部分：  纺织品和服装》 										
											
生产工艺技术 	定义 										
整烫技术 	整烫技术主要指通过熨烫使床上用品面料得到预缩，消除皱痕，保持面料的平整。整烫关键是针对面料的不同特征，设置不同的温度、压力、										
整烫技术 	整烫技术主要指通过熨烫使床上用品面料得到预缩，消除皱痕，保持面料的平整。整烫关键是针对面料的不同特征，设置不同的温度、压力、										
生产工艺技术 	定义 										
湿度等参数以达到最佳的效果。 											
湿度等参数以达到最佳的效果。 											
染整技术就是对纺织材料(纤维、纱线和织物)进行以化学处理为主的工艺过程。染整包括预处理、染色、印花和整理。 											
染整技术就是对纺织材料(纤维、纱线和织物)进行以化学处理为主的工艺过程。染整包括预处理、染色、印花和整理。 											
面料开发主要包括纤维材料的开发及选型、纺纱技术和织布技术。 											
面料开发主要包括纤维材料的开发及选型、纺纱技术和织布技术。 											
											
染整技术 											
面料开发技术 											
面料开发技术 											
											
模式 	具体内容 										
传统的生产加工模式 	企业自身不具有品牌和销售渠道，主要是根据客户要求进行生产，产品全部返销给客户，主要赚取加工费，其主要竞争力在于规模效益和产品质量。此类企业主要以大部分中小床上用品生产企业为代表。 										
传统的生产加工模式 	企业自身不具有品牌和销售渠道，主要是根据客户要求进行生产，产品全部返销给客户，主要赚取加工费，其主要竞争力在于规模效益和产品质量。此类企业主要以大部分中小床上用品生产企业为代表。 										
品牌代理销售模式 	采用这种模式的企业一般拥有一定规模的销售网络和较为完善的物流配送体系，能在短时间内把产品推向市场，但通常不为代理品牌进行生产加工，通过代理一个或多个床上用品品牌，来获取利润。此类企业分为两种，一种是无自身品牌，也不具有品牌管理和产品研发能力，主要靠赚取代理费或利润分成；另外一种则是拥有自身品牌，同时代理国外知名品牌来不断丰富自身产品系列。 										
品牌代理销售模式 	采用这种模式的企业一般拥有一定规模的销售网络和较为完善的物流配送体系，能在短时间内把产品推向市场，但通常不为代理品牌进行生产加工，通过代理一个或多个床上用品品牌，来获取利润。此类企业分为两种，一种是无自身品牌，也不具有品牌管理和产品研发能力，主要靠赚取代理费或利润分成；另外一种则是拥有自身品牌，同时代理国外知名品牌来不断丰富自身产品系列。 										
自主品牌经营模式 	企业拥有自主品牌，具备品牌运作、产品设计开发、供应链管理和营销网络管理的综合能力，一般通过自主生产、委外生产、定制生产三者相互结合的模式进行产品的设计和生产，以直营、加盟或两者相结合的模式进行产品的销售。此种模式不仅可以控制产品研发设计、产品质量，而且还可以获取零售环节的利润，提高企业对市场的快速反应能力。在当前的市场环境下，采用该经营模式的床上用品企业其获利能力高于行业平均利润水平。 										
自主品牌经营模式 	企业拥有自主品牌，具备品牌运作、产品设计开发、供应链管理和营销网络管理的综合能力，一般通过自主生产、委外生产、定制生产三者相互结合的模式进行产品的设计和生产，以直营、加盟或两者相结合的模式进行产品的销售。此种模式不仅可以控制产品研发设计、产品质量，而且还可以获取零售环节的利润，提高企业对市场的快速反应能力。在当前的市场环境下，采用该经营模式的床上用品企业其获利能力高于行业平均利润水平。 										
											
运营模式 	优势 	劣势 									
经销模式 	公司前期投入少，经营风险小，操作方便，货款回笼快，库存风险低；品牌商借助经销商的销售渠道，可以迅速扩张网点，有效开发市场盲区。 	对企业的终端控制能力、市场反应能力要求高。  									
经销模式 	公司前期投入少，经营风险小，操作方便，货款回笼快，库存风险低；品牌商借助经销商的销售渠道，可以迅速扩张网点，有效开发市场盲区。 	对企业的终端控制能力、市场反应能力要求高。  									
直营模式 	对终端控制力较强，对市场热点反应快，较好的体现品牌形象，毛利率较高。 	扩张速度慢，前期投入大，经营风险大，投资的短期回报率低等。 									
直营模式 	对终端控制力较强，对市场热点反应快，较好的体现品牌形象，毛利率较高。 	扩张速度慢，前期投入大，经营风险大，投资的短期回报率低等。 									
											
销售渠道 	优势 	劣势 									
专卖店 	品牌形象好，容易形成固定消费人群；直营和加盟两者相结合，有利于销售网络的快速建设 	直营店对公司的资金、管理能力要求高，加盟店对公司的管理能力要求高 									
专卖店 	品牌形象好，容易形成固定消费人群；直营和加盟两者相结合，有利于销售网络的快速建设 	直营店对公司的资金、管理能力要求高，加盟店对公司的管理能力要求高 									
销售渠道 	优势 	劣势 									
商场专柜 	人流量大，店铺形象高端，有利品牌形象传播 	店面租金、入场费、商场扣点等项费用较高 									
商场专柜 	人流量大，店铺形象高端，有利品牌形象传播 	店面租金、入场费、商场扣点等项费用较高 									
超市卖场 	人流量大，产品价格具有竞争力 	品牌形象较难体现，销售回款较慢 									
超市卖场 	人流量大，产品价格具有竞争力 	品牌形象较难体现，销售回款较慢 									
批发市场 	人流量大，采购量大 	产品质量存在不确定性 									
批发市场 	人流量大，采购量大 	产品质量存在不确定性 									
网络销售 	方便快捷，无需租赁实体店铺，经营成本低 	产品无法直观呈现，影响购买决策 									
网络销售 	方便快捷，无需租赁实体店铺，经营成本低 	产品无法直观呈现，影响购买决策 									
											
项目 	项目 	水星家纺 	罗莱 	富安娜 	梦洁家纺 						
目标 客户 	目标客户定位 	二、三线城市的高端消费群为主 	一、二线城市的消费群为主 	一、二线城市的消费群为主 	一、二线城市的消费群为主 						
目标 客户 	目标客户定位 	二、三线城市的高端消费群为主 	一、二线城市的消费群为主 	一、二线城市的消费群为主 	一、二线城市的消费群为主 						
目标 客户 	目标客户消费特征 	追求产品的附加值、注重生活风格和品位 	追求较高品质，崇尚舒适、温馨、豪华的生活， 	较为重视生活品质、追求品牌或艺术品位 	追求产品的附加值、注重生活风格和品位 						
目标 客户 	目标客户消费特征 	追求产品的附加值、注重生活风格和品位 	追求较高品质，崇尚舒适、温馨、豪华的生活， 	较为重视生活品质、追求品牌或艺术品位 	追求产品的附加值、注重生活风格和品位 						
品牌 	主要品牌 	“水星”、“百丽丝”  	“罗莱”、“雪瑞丹”、“尚.玛可”和 LOVO 等 	“富安娜”、“馨而乐”、“圣之花”和“维莎”等 	“梦洁”、“寐”和“梦洁宝贝”等 						
产品 	产品设计风格 	亲和适用，现代时尚，色彩丰富，以舒适为首要考虑。 	以欧式化的设计风格为主，充分体现浪漫与优雅的欧洲相融的品牌形象。 	艺术家纺的设计风格 	以中式艺术、欧式古典巴洛克、梦洁婚庆红等为主题概念，追求精致、细节完美。 						
产品 	产品设计风格 	亲和适用，现代时尚，色彩丰富，以舒适为首要考虑。 	以欧式化的设计风格为主，充分体现浪漫与优雅的欧洲相融的品牌形象。 	艺术家纺的设计风格 	以中式艺术、欧式古典巴洛克、梦洁婚庆红等为主题概念，追求精致、细节完美。 						
产品 	价格定位 	中高端价格 	中高端价格 	中高端价格 	中高端价格 						
产品 	价格定位 	中高端价格 	中高端价格 	中高端价格 	中高端价格 						
运营模式 	经营模式 	自主研发设计、有自己工厂；生产部分外包 	自主研发设计、有自己工厂；生产部分外包 	自主研发设计、有自己工厂；生产部分外包 	自主研发设计、有自己工厂；生产部分外包 						
运营模式 	经营模式 	自主研发设计、有自己工厂；生产部分外包 	自主研发设计、有自己工厂；生产部分外包 	自主研发设计、有自己工厂；生产部分外包 	自主研发设计、有自己工厂；生产部分外包 						
运营模式 	销售渠道 	加盟为主，直营、网络销售等其他渠道为辅 	直营与加盟并重，逐步发展网络销售渠道 	直营与加盟并重，逐步发展网络销售渠道 	直营与加盟并重，逐步发展网络销售渠道 						
运营模式 	销售渠道 	加盟为主，直营、网络销售等其他渠道为辅 	直营与加盟并重，逐步发展网络销售渠道 	直营与加盟并重，逐步发展网络销售渠道 	直营与加盟并重，逐步发展网络销售渠道 						
运营模式 	主要市场 	华东、华北、西南地区 	华东、华中地区 	华南、华东地区 	华中地区 						
运营模式 	主要市场 	华东、华北、西南地区 	华东、华中地区 	华南、华东地区 	华中地区 						
											
推广方式 	主要内容 										
广告投入 	2004 年，在行业内率先实行明星代言，聘请香港著名演员刘嘉玲担任“水星”品牌形象代言人，并一直延续至今；同时自 2014 年 9 月至 2016年 9 月，特邀韩国偶像金宇彬为“水星”品牌形象代言人；2016 年 8 月，新生代艺人吴亦凡正式签约为“水星”品牌代言人； 2006 年-2012 年，邀请国内著名影星陈好担任“百丽丝”品牌形象代言人；2012 年 11 月-2015 年 10 月邀请国际名模吴佩慈担任“百丽丝”品牌形象代言人；2016 年 3 月，韩国女团“星星团”成为百丽丝代言人； 2014 年底，与卡通形象蓝精灵、冬己、炮炮兵等达成授权使用协议； 										
推广方式 	主要内容 										
2016 年 6 月，获得著名动漫萌星 Hello Kitty 的使用授权；2016 年 12 月获得本土原创动画形象“喜羊羊与灰太狼”形象使用许可； 在 CCTV“中国好歌曲”、“超级星光大道”、“财经中国夜”、 “星光大道”、“艺术人生”、“综艺盛典”、“我要上春晚”、“欢乐中国行”、“董卿时间”、“中秋晚会”、“艺览天下”、“激情广场”、“文化视界”等栏目中投放广告，年播放近千次； 与湖南卫视《爸爸去哪儿》子栏目《和爸爸在一起》、《天天向上》、《快乐大本营》、《百变大咖秀》、金鹰独播剧场合作；与辽宁卫视《中国魅力》深度合作； 在《青年时讯》、《工业报》、《新京报》、《旅伴》、《和谐之旅》、《报林》、《商界》、《家纺时代》、《品牌家纺》、《高尔夫》等杂志报刊刊登广告； 娱乐营销成为公司品牌宣传的新生力量，先后与电影《LOVE》、电视剧《咱们结婚吧》、电视剧《七年不痒》、电影《爸爸的假期》、电影《咱们结婚吧》、电影《剩者为王》、电视剧《咱们相爱吧》、电视剧《北上广依然相信爱情》合作，在公司相关产品上使用影片场景、片花、宣传海报等素材； 与优酷视频合作，投放电视剧《咱们相爱吧》贴片广告； 在国内沪宁、沪杭等多条高速公路沿线投放高炮广告； 在北京、上海、杭州、南京、天津、沈阳、哈尔滨等大型城市和中小城市的高铁站、地铁、公交车等交通工具上投放广告； 在贵阳机场、全国 900 多列列车投放 LED 屏广告； 											
2008 年，在人民大会堂组织《相约国家奥体、献礼和谐社会——2008阳光行动》，聘请世界冠军莫慧兰、邢傲伟、王丽萍担任活动平面形象代言； 2010 年，组织《水星家纺·群星耀中国》大型主题活动，活动周期达60 天，邀请李易峰、柳岩、尚雯婕、萧蔷、焦恩俊以及田亮夫妇、翁虹夫妇、任静付笛生夫妇、冯远征夫妇等 50 余位大陆、港台知名影视明星，举行了“明星设计家”、“明星生活家”、“来我家吧”、爱心拍卖、大型歌会等多场活动，传递“绿色健康、低碳环保、慈善关爱、乐享人生”的生活理念； 2013 年，组织《金牌品质年》活动，邀请奥运冠军杨威担任金牌形象代言人；“执手爱·幸福爱”婚庆水星品牌发布会； 											
推广方式 	主要内容 										
2014 年“，中国好被芯、当然选水星”发布会；金宇彬代言发布会；婚庆产业联盟发布会； 2015 年，浙江嘉兴姚庄体育馆赞助冠名； 2015 年，美国著名摇滚歌星亚当·兰伯特代言水星 2015 双十一活动； 2016 年，与乐视娱乐合作赞助“MR.Fantastic”2016 吴亦凡超级生日会； 2016 年，尝试体育营销，与上海奉贤冬泳会合作冠名“上海水星家纺冬泳会”。 											
											
品牌名称 	产品所获荣誉 	品牌所获荣誉 									
水星 	上海名牌产品 	中国驰名商标 									
水星 	上海名牌产品 	中国驰名商标 									
水星 	上海名牌产品 	上海市著名商标 									
水星 	上海名牌产品 	上海市著名商标 									
水星 	上海名牌产品 	2016 中国纺织服装行业品牌价值50 强企业 									
水星 	上海名牌产品 	2016 中国纺织服装行业品牌价值50 强企业 									
百丽丝 	- 	中国驰名商标 									
百丽丝 	- 	中国驰名商标 									
											
项目 	所获荣誉 										
牛奶蛋白纤维被 	中国国际专利与名牌博览会金奖 										
玉米纤维床护垫 	中国国际专利与名牌博览会金奖 										
玉米纤维床护垫 	中国国际专利与名牌博览会金奖 										
玉米纤维毛绒面料 	上海市重点新产品 										
玉米纤维毛绒面料 	上海市重点新产品 										
水星玉米纤维毛绒面料 	上海市高新技术成果转化项目 										
水星玉米纤维毛绒面料 	上海市高新技术成果转化项目 										
天丝和精梳棉交织超柔家纺套件 	上海市奉贤区专利新产品 										
天丝和精梳棉交织超柔家纺套件 	上海市奉贤区专利新产品 										
											
产品名称 	产品明细 										
套件 	床单、被套、枕套、床罩等单件组成的产品组合，如：单件、四件套、多件套等 										
套件 	床单、被套、枕套、床罩等单件组成的产品组合，如：单件、四件套、多件套等 										
被芯 	被芯，包括蚕丝被、羊毛被、羽绒被、多孔纤维被等 										
被芯 	被芯，包括蚕丝被、羊毛被、羽绒被、多孔纤维被等 										
枕芯 	多孔纤维枕、保健枕、乳胶枕、羽绒枕等 										
毛毯 	拉舍尔毛毯、绒毛毯等 										
毛毯 	拉舍尔毛毯、绒毛毯等 										
 其他 	多功能床垫、传统床垫、毛巾、凉席、蚊帐、家居服等 										
 其他 	多功能床垫、传统床垫、毛巾、凉席、蚊帐、家居服等 										
											
项目 	经销模式 	经销模式 	直营模式 	直营模式 							
项目 	总经销商 	直属加盟商 	直营专卖店 	商场专柜 							
店铺来源 	租赁/购买或加盟商租赁/购买 	租赁/购买 	租赁/购买/自建 	商场提供 							
销售方式 	总经销商向加盟商批发或者通过其自营网点零售 	加盟商通过加盟店以零售方式销售给消费者 	以零售方式直接向消费者销售产品 	与直营专卖店相同 							
产品定价 	发行人以经销价向总经销商销售，总经销商以出厂价向加盟商销售，加盟店以终端零售价对外零售 	发行人以出厂价向加盟商销售，加盟商通过专卖店以终端零售价对外零售 	直营专卖店以终端零售价对外零售 	直营专柜以终端零售价对外零售 							
促销政策 	发行人制定促销方案并给出促销指导价格 	发行人制定促销方案并给出促销指导价格 	按照发行人促销政策打折销售 	按照发行人或 商场促销政策 打折销售 							
日常管理 	加盟商负责，总经销商和发行人监督 	加盟商负责，发行人监督 	发行人负责 	发行人负责 							
货款结算 	款到发货，但给予一定授信。 	款到发货，但给予一定授信。 	现金结算 	与商场分成 							
信用政策 	根据授信支持标准执行 	根据授信支持标准执行 	不涉及 	售后定期结算 							
											
项 目 	2016 年 	2015 年 	2014 年 								
公司以广告活动补贴形式承担 	2,352.38   	2,499.47   	1,818.07   								
总经销商承担 	2,352.38   	2,499.47   	1,818.07   								
下属经销商自行承担 	2,375.66   	2,606.16   	1,978.08   								
											
项 目 	2016 年 	2015 年 	2014 年 								
公司以广告活动补贴形式承担 	616.92   	951.99   	520.89   								
直属加盟商自行承担 	621.70   	1,023.24   	592.95   								
											
年度 	序号 	总经销商名称 	授信额度 	信用期 	应收账款余额 	逾期金额 					
2016年 	1 	云南水百贸易有限公司 	660 	5 个月 	334.14 	- 					
2016年 	2 	何平 	270 	5 个月 	248.61 	- 					
2016年 	3 	郑州旺誉家居用品有限公司 	160 	12 个月 	148.80 	- 					
2016年 	4 	长沙市亚平电子商务有限公司 	180 	5 个月 	142.51 	- 					
2016年 	5 	漳州市芗城星盛贸易有限公司 	182 	5 个月 	142.16 	- 					
2016年 	 	合 计 	 	 	1,016.22 	- 					
2015年 	1 	何平 	315 	5 个月 	223.40 	- 					
2015年 	2 	苍南星澜商贸有限公司 	225 	3 个月 	159.65 	- 					
2015年 	3 	成都市紫晶家纺有限责任公司 	150 	6 个月 	138.94 	- 					
2015年 	4 	李明琴 	142 	10 个月 	137.82 	- 					
2015年 	5 	漳州市星阁贸易有限公司 	150 	6 个月 	133.58 	- 					
2015年 	 	合 计 	 	 	793.39 	- 					
2014年 	1 	临沂市亚伦商贸有限公司 	600 	3 个月 	450.24 	- 					
2014年 	2 	冠县馨瑞居商贸有限公司 	450 	4 个月 	425.14 	- 					
2014年 	3 	兰州权之娇商贸有限公司 	270 	4 个月 	254.15 	- 					
2014年 	4 	苍南星澜商贸有限公司 	300 	6 个月 	248.23 	- 					
2014年 	5 	南昌骏业贸易有限公司 	240 	5 个月 	229.71 	- 					
2014年 	 	合 计 	 	 	1,607.46 	- 					
											
2016 年度 	2016 年度 	2015 年度 	2015 年度 	2014 年度 	2014 年度 						
金额 	占主营业务收入比重 	金额 	占主营业务收入比重 	金额 	占主营业务收入比重 						
64,055.26 	32.75% 	46,394.21 	25.51% 	35,877.55 	20.69% 						
											
2016 年度 	2016 年度 	2015 年度 	2015 年度 	2014 年度 	2014 年度 						
金额 	占收入比重 	金额 	占收入比重 	金额 	占收入比重 						
2,730.95 	1.38% 	2,441.05 	1.32% 	2,082.62 	1.17% 						
											
产品 	项目 	项目 	 	2016 年度 	2015 年度 	2014 年度 					
标准套件类 	自有产能 	自有产能 	① 	103 	103 	103 					
标准套件类 	总产量 	总产量 	② 	226.4 	214.92 	195.06 					
标准套件类 	自有产量 	自有产量 	③ 	141.63 	138.52 	115.86 					
标准套件类 	外协产量 	外协产量 	④ 	72.17 	66.02 	68.45 					
产品 	项目 	项目 	 	2016 年度 	2015 年度 	2014 年度 					
定制生产量（即外购量） 	定制生产量（即外购量） 	⑤ 	12.6 	10.38 	10.76 						
销量 	销量 	⑥ 	213.22 	208.45 	173.63 						
自有产能利用率 	自有产能利用率 	⑦ 	137.50% 	134.49% 	112.49% 						
产销率 	产销率 	⑧ 	94.18% 	96.99% 	89.01% 						
自有产能 	自有产能 	① 	299 	299 	299 						
总产量 	总产量 	② 	392.32 	322.89 	402.61 						
自有产量 	自有产量 	③ 	349 	299.48 	339.87 						
外协产量 	外协产量 	④ 	0.75 	0.14 	0 						
定制生产量（即外购量） 	定制生产量（即外购量） 	⑤ 	42.57 	23.27 	62.74 						
销量 	销量 	⑥ 	390.26 	355.52 	333.66 						
自有产能利用率 	自有产能利用率 	⑦ 	116.72% 	100.16% 	113.67% 						
产销率 	产销率 	⑧ 	99.47% 	110.11% 	82.87% 						
自有产能 	自有产能 	① 	254 	254 	254 						
总产量 	总产量 	② 	437.84 	436.08 	364.09 						
自有产量 	自有产量 	③ 	304.58 	340.34 	236.52 						
外协产量 	外协产量 	④ 	0 	- 	- 						
定制生产量（即外购量） 	定制生产量（即外购量） 	⑤ 	133.27 	95.74 	127.57 						
销量 	销量 	⑥ 	417.96 	424.64 	353.74 						
自有产能利用率 	自有产能利用率 	⑦ 	119.91% 	133.99% 	93.12% 						
产销率 	产销率 	⑧ 	95.46% 	97.37% 	97.16% 						
											
被芯类 											
枕芯类 											
											
项 目 	项 目 	项 目 	2016 年度 	2015 年度 	2014 年度 						
标准套件类 	高档 	产量 	16.77 	27.83 	25.71 						
标准套件类 	高档 	销量 	18.28 	26.75 	22.69 						
标准套件类 	高档 	产销率 	109.05% 	96.09% 	88.25% 						
标准套件类 	中档 	产量 	102.00 	94.06 	96.87 						
标准套件类 	中档 	销量 	94.73 	91.98 	87.89 						
标准套件类 	中档 	产销率 	92.88% 	97.79% 	90.73% 						
标准套件类 	基础款 	产量 	107.65 	93.02 	72.48 						
标准套件类 	基础款 	销量 	100.21 	89.72 	63.04 						
标准套件类 	基础款 	产销率 	93.09% 	96.46% 	86.98% 						
被芯类 	高档 	产量 	52.10 	46.61 	76.07 						
											
销量 	51.37 	55.07 	59.57 								
产销率 	98.61% 	118.15% 	78.30% 								
产量 	119.33 	112.70 	173.89 								
销量 	126.10 	132.52 	136.63 								
产销率 	105.67% 	117.59% 	78.57% 								
产量 	220.88 	163.59 	152.64 								
销量 	212.78 	167.94 	137.46 								
产销率 	96.33% 	102.66% 	90.05% 								
产量 	42.38 	35.25 	33.96 								
销量 	40.69 	33.33 	31.73 								
产销率 	96.02% 	94.56% 	93.43% 								
产量 	128.82 	95.78 	108.78 								
销量 	118.05 	99.07 	106.74 								
产销率 	91.64% 	103.43% 	98.13% 								
产量 	266.64 	305.04 	221.35 								
销量 	259.22 	292.23 	215.27 								
产销率 	97.22% 	95.80% 	97.25% 								
											
中档 											
基础款 											
高档 											
中档 											
基础款 											
											
大 区 	2016 年度 	2016 年度 	2015 年度 	2015 年度 	2014 年度 	2014 年度 					
大 区 	金额 	比例 	金额 	比例 	金额 	比例 					
国内销售小计 	194,273.84 	99.34% 	180,434.73 	99.23% 	172,142.43   	99.28% 					
电商 	64,055.26   	32.75% 	  46,394.21   	25.51% 	  35,877.55   	20.69% 					
华东 	45,944.11   	23.49% 	  47,304.96   	26.02% 	  46,893.52   	27.05% 					
华北 	21,211.97   	10.85% 	22,973.69 	12.63% 	  24,917.64   	14.37% 					
西南 	23,216.13   	11.87% 	23,452.86 	12.90% 	  22,096.91   	12.74% 					
华中 	19,491.91   	9.97% 	20,405.40 	11.22% 	  23,413.32   	13.50% 					
东北 	  8,484.01   	4.34% 	7,884.11 	4.34% 	  7,587.70   	4.38% 					
华南 	  5,203.29   	2.66% 	6,020.26 	3.31% 	  6,206.87   	3.58% 					
西北 	  6,667.16   	3.41% 	5,999.24 	3.30% 	  5,148.91   	2.97% 					
国外销售小计 	  1,294.35   	0.66% 	1,400.54 	0.77% 	  1,242.25   	0.72% 					
合 计 	195,568.18 	100.00% 	181,835.28   	100.00% 	173,384.69   	100.00% 					
											
渠 道 	渠 道 	2016 年度 	2016 年度 	2015 年度 	2015 年度 	2014 年度 	2014 年度 				
渠 道 	渠 道 	金额 	比例 	金额 	比例 	金额 	比例 				
加盟 渠道 	总经销商 加盟 	91,822.13 	46.95% 	  97,875.00   	53.83% 	101,674.99   	58.64% 				
加盟 渠道 	直属加盟 	24,426.86 	12.49% 	  23,768.73   	13.07% 	22,557.75   	13.01% 				
电商渠道 	电商渠道 	64,055.26 	32.75% 	  46,394.21   	25.51% 	  35,877.55   	20.69% 				
直营渠道 	直营渠道 	11,270.60 	5.76% 	  10,525.02   	5.79% 	  9,682.93   	5.58% 				
其他 	其他 	3,993.33 	2.04% 	  3,272.32   	1.80% 	 3,591.47 	2.08% 				
合 计 	合 计 	195,568.18 	100.00% 	181,835.28   	100.00% 	173,384.69 	100.00% 				
											
产品名称 	2016 年度 	2016 年度 	2015 年度 	2015 年度 	2014 年度 	2014 年度 					
产品名称 	平均售价 	增幅 	平均售价 	增幅 	平均售价 	增幅 					
套件 	427.56 	0.78% 	424.25 	-5.55% 	449.18   	6.20% 					
被芯 	200.44 	1.66% 	197.16   	-9.23% 	217.21   	9.17% 					
枕芯 	34.07 	5.26% 	32.37   	-3.15% 	33.42 	1.42% 					
											
年度 	排名 	单位名称 	销售收入（万元） 	销售收入（万元） 	占营业收入的比例 						
											
2016 年 	1 	唯品会（中国）有限公司 	9,196.74 	9,196.74 	4.65% 						
2016 年 											
2016 年 	2 	云南水百贸易有限公司（注 2） 	1,960.63 	1,960.63 	0.99% 						
2016 年 	2 										
2016 年 	2 	云南水星家用纺织品有限公司 	6,814.38 	6,814.38 	3.45% 						
2016 年 	2 										
2016 年 	2 	小计 	8,775.01 	8,775.01 	4.44% 						
2016 年 											
2016 年 	3 	北京京东世纪贸易有限公司 	5,392.11 	5,392.11 	2.73% 						
2016 年 											
2016 年 	4 	株洲海洋实业有限公司 	2,309.09 	2,309.09 	1.17% 						
2016 年 	4 										
2016 年 	4 	株洲三叶贸易有限公司 	2,204.31 	2,204.31 	1.11% 						
2016 年 	4 										
2016 年 	4 	小计 	4,513.40 	4,513.40 	2.28% 						
2016 年 											
2016 年 	5 	临沂市路得家纺有限公司 	2,299.93 	2,299.93 	1.16% 						
年度 	排名 	单位名称 	销售收入（万元） 	销售收入（万元） 	占营业收入的比例 						
											
临沂市亚伦商贸有限公司 	1,744.96 	1,744.96 	0.88% 								
											
小计 	4,044.89 	4,044.89 	2.05% 								
											
合计 	合计 	31,922.15 	31,922.15 	16.15% 							
											
1 	云南水百贸易有限公司（注 2） 	2,003.90 	2,003.90 	1.08% 							
1 											
1 	云南水星家用纺织品有限公司 	5,240.20 	5,240.20 	2.83% 							
1 											
1 	小计 	7,244.10 	7,244.10 	3.91% 							
											
2 	唯品会（中国）有限公司 	4,988.19 	4,988.19 	2.69% 							
											
3 	临沂市路得家纺有限公司 	3,045.04 	3,045.04 	1.64% 							
3 											
3 	临沂市亚伦商贸有限公司 	1,463.08 	1,463.08 	0.79% 							
3 											
3 	小计 	4,508.12 	4,508.12 	2.44% 							
											
4 	株洲海洋实业有限公司 	2,389.64 	2,389.64 	1.29% 							
4 											
4 	株洲三叶贸易有限公司 	2,002.29 	2,002.29 	1.08% 							
4 											
4 	小计 	4,391.93 	4,391.93 	2.37% 							
											
5 	北京京东世纪贸易有限公司 	4,345.12 	4,345.12 	2.35% 							
											
合计 	合计 	25,477.46 	25,477.46 	13.76% 							
											
1 	株洲海洋实业有限公司 	2,657.01 	2,657.01 	1.50% 							
1 											
1 	株洲三叶贸易有限公司 	2,479.43 	2,479.43 	1.40% 							
1 											
1 	小计 	5,136.44 	5,136.44 	2.90% 							
											
2 	临沂市路得家纺有限公司 	2,599.53 	2,599.53 	1.46% 							
2 											
2 	临沂市亚伦商贸有限公司 	2,281.91 	2,281.91 	1.29% 							
2 											
2 	小计 	4,881.44 	4,881.44 	2.75% 							
											
3 	河南水星家用纺织品有限公司 	566.32 	566.32 	0.32% 							
3 											
3 	洛阳庆邦商贸有限公司 	2,835.39 	2,835.39 	1.60% 							
3 											
3 	小计 	3,401.71 	3,401.71 	1.92% 							
											
4 	重庆诺诗曼贸易有限公司 	2,958.44 	2,958.44 	1.67% 							
											
5 	南昌骏业贸易有限公司 	2,673.68 	2,673.68 	1.51% 							
5 											
5 	南昌（李雪莲） 	109.6 	109.6 	0.06% 							
5 											
5 	小计 	2,783.28 	2,783.28 	1.57% 							
											
合计 	合计 	19,161.31 	19,161.31 	10.79% 							
											
2015 年 											
											
2014 年 											
											
年度 	序号 	名称 	销售方式 	销售金额 （万元） 	占营业收入 比例 						
2016 年 	1 	云南水星家用纺织品有限公司 	买断 	6,814.38 	3.45% 						
2016 年 	1 	云南水百贸易有限公司 	买断 	1,960.63 	0.99% 						
2016 年 	1 	小 计 	 	8,775.01 	4.44% 						
2016 年 	2 	株洲海洋实业有限公司 	买断 	2,309.09 	1.17% 						
2016 年 	2 	株洲三叶贸易有限公司 	买断 	2,204.31 	1.11% 						
2016 年 	2 	小 计 	 	4,513.40 	2.28% 						
2016 年 	3 	临沂市路得家纺有限公司 	买断 	2,299.93 	1.16% 						
2016 年 	3 	临沂市亚伦商贸有限公司 	买断 	1,744.96 	0.88% 						
2016 年 	3 	小 计 	 	4,044.89 	2.05% 						
2016 年 	4 	重庆诺诗曼贸易有限责任公司 	买断 	 3,720.35   	1.88% 						
2016 年 	5 	南昌骏业贸易有限公司 	买断 	  3,451.53   	1.75% 						
2016 年 	5 	李雪莲 	买断 	  0.37   	0.00% 						
2016 年 	5 	小 计 	 	3,451.90 	1.75% 						
2016 年 	 	合 计 	 	24,505.54 	12.4% 						
2015 年 	1 	云南水星家用纺织品有限公司 	买断 	5,240.20 	2.83% 						
2015 年 	1 	云南水百贸易有限公司 	买断 	2,003.90 	1.08% 						
2015 年 	1 	小 计 	 	7,244.11 	3.91% 						
2015 年 	2 	临沂市路得家纺有限公司 	买断 	3,045.04 	1.64% 						
2015 年 	2 	临沂市亚伦商贸有限公司 	买断 	1,463.08 	0.79% 						
2015 年 	2 	小 计 	 	4,508.12 	2.44% 						
2015 年 	3 	株洲海洋实业有限公司 	买断 	2,389.64 	1.29% 						
2015 年 	3 	株洲三叶贸易有限公司 	买断 	2,002.29 	1.08% 						
2015 年 	3 	小 计 	 	4,391.93 	2.37% 						
2015 年 	4 	南昌骏业贸易有限公司 	买断 	  3,600.42   	1.94% 						
2015 年 	4 	李雪莲 	买断 	6.91 	0.00% 						
											
小 计 	 	3,607.33 	1.94% 								
洛阳庆邦商贸有限公司 	买断 	  2,042.23   	1.10% 								
河南水星家用纺织品有限公司 	买断 	  1,127.23   	0.61% 								
小 计 	 	3,169.45 	1.71% 								
合 计 	 	22,920.96 	12.38% 								
株洲海洋实业有限公司 	买断 	2,657.01 	1.50% 								
株洲三叶贸易有限公司 	买断 	2,479.43 	1.40% 								
小 计 	 	5,136.44 	2.90% 								
临沂市路得家纺有限公司 	买断 	2,599.53 	1.46% 								
临沂市亚伦商贸有限公司 	买断 	2,281.91 	1.29% 								
小 计 	 	4,881.44 	2.75% 								
河南水星家用纺织品有限公司 	买断 	566.32 	0.32% 								
洛阳庆邦商贸有限公司 	买断 	2,835.39 	1.60% 								
小  计 	 	3,401.71 	1.92% 								
重庆诺诗曼贸易有限责任公司 	买断 	2,958.44 	1.67% 								
南昌骏业贸易有限公司 	买断 	2,673.68 	1.51% 								
李雪莲 	买断 	109.6 	0.06% 								
小 计 	 	2,783.28 	1.57% 								
合 计 	 	19,161.31 	10.79% 								
											
5 											
 											
1 											
2 											
3 											
4 											
5 											
 											
											
年度 	序号 	名称 	销售方式 	销售金额 （万元） 	占营业收入 比例 						
2016 年度 	1 	王满朵 	买断 	753.29   	0.38% 						
2016 年度 	2 	俞先兴 	买断 	594.11 	0.30% 						
2016 年度 	2 	郑玉萍 	买断 	66.85 	0.03% 						
2016 年度 	2 	小 计 	 	660.97 	0.33% 						
2016 年度 	3 	孙旋虹 	买断 	432.57 	0.22% 						
2016 年度 	4 	南陵十字街舒雅家俱城 	买断 	412.63 	0.21% 						
2016 年度 	5 	蒋卫中 	买断 	386.73 	0.20% 						
2016 年度 	 	合 计 	 	2,646.18 	1.34% 						
2015 年度 	1 	俞先兴 	买断 	658.15 	0.36% 						
2015 年度 	1 	郑玉萍 	买断 	48.92 	0.03% 						
2015 年度 	1 	小 计 	 	707.08 	0.38% 						
2015 年度 	2 	王满朵 	买断 	663.06 	0.36% 						
2015 年度 	3 	南陵十字街舒雅家俱城 	买断 	434.95 	0.23% 						
2015 年度 	4 	孙旋虹 	买断 	419.36 	0.23% 						
2015 年度 	5 	上海南南工贸有限公司 	买断 	384.34 	0.21% 						
2015 年度 	 	合 计 	 	2,608.79 	1.41% 						
2014 年度 	1 	王满朵 	买断 	948.81 	0.53% 						
											
2 	俞先兴 	买断 	713.63 	0.40% 							
2 	郑玉萍 	买断 	53.61 	0.03% 							
2 	小 计 	 	767.23 	0.43% 							
3 	南陵十字街舒雅家俱城 	买断 	553.91 	0.31% 							
4 	上海南南工贸有限公司 	买断 	393.87 	0.22% 							
5 	孙旋虹 	买断 	380.01 	0.21% 							
 	合 计 	 	3,043.84 	1.71% 							
											
年度 	序号 	名称 	销售方式 	销售金额 （万元） 	占营业收入 比例 						
2016 年度 	1 	上海百联集团股份有限公司 	代销 	715.54 	0.36% 						
2016 年度 	2 	新世界百货中国有限公司 	代销 	630.32 	0.32% 						
2016 年度 	3 	上海徐家汇商城股份有限公司 	代销 	287.11 	0.15% 						
2016 年度 	4 	上海新世界股份有限公司 	代销 	211.48 	0.11% 						
2016 年度 	5 	上海置地广场商厦有限公司 	代销 	146.29 	0.07% 						
2016 年度 	 	合 计 	 	1,990.74 	1.01% 						
2015 年度 	1 	上海百联集团股份有限公司 	代销 	720.16 	0.39% 						
2015 年度 	2 	上海徐家汇商城股份有限公司 	代销 	315.21 	0.17% 						
2015 年度 	3 	新世界百货中国有限公司 	代销 	227.27 	0.12% 						
2015 年度 	4 	上海新世界股份有限公司 	代销 	168.46 	0.09% 						
2015 年度 	5 	上海申馨卧室用品有限公司 	代销 	161.65 	0.09% 						
2015 年度 	 	合 计 	 	  1,592.75   	0.86% 						
2014 年度 	1 	上海百联集团股份有限公司 	代销 	714.28 	0.40% 						
2014 年度 	2 	上海徐家汇商城股份有限公司 	代销 	349.93 	0.20% 						
2014 年度 	3 	上海新世界股份有限公司 	代销 	201.99 	0.11% 						
2014 年度 	4 	新世界百货中国有限公司 	代销 	197.94 	0.11% 						
2014 年度 	5 	上海申馨卧室用品有限公司 	代销 	117.98 	0.07% 						
2014 年度 	 	合 计 	 	  1,582.11   	0.89% 						
											
年度 	序号 	名称 	销售方式 	销售金额 （万元） 	占营业收入 比例 						
2016 年度 	1 	唯品会（中国）有限公司 	代销 	9,196.74 	4.65% 						
2016 年度 	2 	北京京东世纪贸易有限公司 	买断 	5,392.11 	2.73% 						
2016 年度 	3 	纽海信息技术（上海）有限公司 	买断 	337.06 	0.17% 						
2016 年度 	4 	上海天翌电子商务有限公司 	买断 	111.49 	0.06% 						
2016 年度 	5 	倪婷 	买断 	3.07 	0.00% 						
2016 年度 	 	合 计 	 	15,040.47 	7.61% 						
2015 年度 	1 	唯品会（中国）有限公司 	代销 	4,988.19 	2.69% 						
2015 年度 	2 	北京京东世纪贸易有限公司 	买断 	4,345.12 	2.35% 						
2015 年度 	3 	浙江天猫技术有限公司 	买断 	1,476.47 	0.80% 						
2015 年度 	4 	亚马逊（中国）投资有限公司 	买断 	127.79 	0.07% 						
2015 年度 	5 	纽海信息技术（上海）有限公司 	买断 	45.10 	0.02% 						
2015 年度 	 	合 计 	 	10,982.67 	5.93% 						
2014 年度 	1 	唯品会（中国）有限公司 	代销 	2,578.17 	1.45% 						
2014 年度 	2 	北京京东世纪贸易有限公司 	买断 	1,938.19 	1.09% 						
2014 年度 	3 	亚马逊（厦门）贸易有限公司 	买断 	125.40 	0.07% 						
2014 年度 	4 	张建勋 	买断 	18.38 	0.01% 						
2014 年度 	5 	何述兰 	买断 	6.00 	0.00% 						
2014 年度 	 	合 计 	 	4,666.13 	2.63% 						
											
年度 	序号 	名称 	销售方式 	销售金额 （万元） 	占营业收入 比例 						
2016 年度 	1 	QBEDDING, INC. 	买断 	674.39 	0.34% 						
2016 年度 	2 	欧菲斯办公伙伴（北京）商贸有限公司 	买断 	263.23 	0.13% 						
2016 年度 	2 	欧菲斯办公伙伴（上海）商贸有限公司 	买断 	255.56 	0.13% 						
2016 年度 	2 	小 计 	 	518.78 	0.26% 						
2016 年度 	3 	桐乡市红秀世纺家居用品有限公司 	买断 	385.39 	0.19% 						
2016 年度 	4 	上海芮久实业有限公司 	买断 	281.13 	0.14% 						
2016 年度 	5 	DREAMNY TRADING INC. 	买断 	51.58 	0.03% 						
2016 年度 	5 	FANTASY STAR TRADING INC. 	买断 	125.46 	0.06% 						
2016 年度 	 	小 计 	 	177.04 	0.09% 						
2016 年度 	 	合 计 	 	2,036.73 	1.03% 						
2015 年度 	1 	QBEDDING, INC. 	买断 	731.02 	0.39% 						
2015 年度 	2 	上海东方电视购物有限公司 	代销 	257.52 	0.14% 						
2015 年度 	3 	DREAMNY TRADING INC. 	买断 	187.24 	0.10% 						
2015 年度 	4 	利丰博源（北京）国际贸易有限公司 	买断 	176.06 	0.10% 						
											
5 	桐乡市红秀世纺家居用品有限公司 	买断 	160.29 	0.09% 							
 	合 计 	 	1,512.12 	0.82% 							
1 	QBEDDING, INC. 	买断 	648.92 	0.37% 							
2 	雅迪科技集团销售有限公司 	买断 	491.39 	0.28% 							
3 	上海宏贯商务咨询有限公司 	买断 	279.16 	0.16% 							
4 	上海东方电视购物有限公司 	代销 	275.15 	0.15% 							
5 	SHENG DA CORP. 	买断 	168.33 	0.09% 							
 	合 计 	 	1,862.95 	1.05% 							
											
项目 	2016 年度 	2016 年度 	2015 年度 	2015 年度 	2014 年度 	2014 年度 					
项目 	金额 	比例 	金额 	比例 	金额 	比例 					
原材料 	98,456.84   	80.79% 	100,132.75 	83.39% 	97,980.71 	86.60% 					
直接人工 	10,834.72   	8.89% 	8,352.16 	6.96% 	6,811.48 	6.02% 					
制造费用 	  7,653.11   	6.28% 	6,469.85 	5.39% 	4,231.71 	3.74% 					
委托加工费 	  4,924.41   	4.04% 	5,109.95 	4.26% 	4,123.55 	3.64% 					
合计 	121,869.07   	100.00% 	120,064.71 	100.00% 	113,147.45 	100.00% 					
											
原材料 	2016年度 	2016年度 	2015年度 	2015年度 	2014年度 	2014年度 					
原材料 	平均 单价 	增幅 	平均 单价 	增幅 	平均 单价 	增幅 					
布（米） 	11.32 	-5.27% 	11.95 	-11.42% 	13.49 	0.30% 					
填充料（公斤） 	14.80 	-1.79% 	15.07 	-23.97% 	19.82 	13.32% 					
											
项目 	项目 	2016 年度 	2015 年度 	2014 年度 							
全棉布 	采购金额 	42,925.42 	40,834.68 	42,150.03 							
全棉布 	金额占比 	53.88% 	53.24% 	49.34% 							
全棉布 	采购数量（米） 	31,141,117 	29,871,546 	27,123,253 							
涤棉布 	采购金额 	9,784.69 	8,668.71 	9,386.48 							
涤棉布 	金额占比 	12.28% 	11.30% 	10.99% 							
涤棉布 	采购数量（米） 	17,079,586 	14,294,344 	14,413,977 							
蚕丝棉 	采购金额 	6,024.14 	6,120.85 	8,048.63 							
蚕丝棉 	金额占比 	7.56% 	7.98% 	9.42% 							
蚕丝棉 	采购数量（公斤） 	320,017 	298,864 	352,117 							
涤短纤 	采购金额 	5,472.75 	5,947.38 	6,900.42 							
涤短纤 	金额占比 	6.87% 	7.75% 	8.08% 							
涤短纤 	采购数量（公斤） 	7,781,041 	7,971,867 	7,360,293 							
合计 	金额 	64,207.00 	61,571.62 	66,485.56 							
合计 	金额占比 	80.60% 	80.27% 	77.83% 							
											
年度 	排名 	单位名称 	采购金额（万元） 	占当年采购金额的比例 							
2016年 	1 	江苏翔宇纺织品有限公司 	6,462.15 	5.73% 							
2016年 	2 	南通康福特纺织有限公司 	6,179.71 	5.48% 							
2016年 	3 	南通展群纺织有限公司 	4,126.11 	3.66% 							
2016年 	4 	南通市嘉宇斯纺织科技有限公司 	3,999.91 	3.55% 							
2016年 	5 	江苏金太阳纺织科技股份有限公司 	3,909.93 	3.47% 							
2016年 	合计 	合计 	24,677.81 	21.89% 							
2015年 	1 	南通康福特纺织有限公司 	 5,571.85   	5.38% 							
2015年 	2 	江苏翔宇纺织品有限公司 	              5,538.32 	5.35% 							
2015年 	3 	南通妙境家纺有限公司 	              3,491.03 	3.37% 							
2015年 	4 	江苏金太阳纺织科技有限公司 	  3,471.75   	3.35% 							
2015年 	5 	南通圣之花纺织有限公司 	  3,423.30   	3.31% 							
2015年 	合计 	合计 	  21,496.25   	20.76% 							
2014年 	1 	江苏翔宇纺织品有限公司 	  9,434.21   	7.48% 							
2014年 	2 	南通康福特纺织有限公司 	  8,483.28   	6.72% 							
2014年 	3 	桐乡市珂伊家纺有限公司 	  7,516.56   	5.96% 							
2014年 	4 	南通展群纺织有限公司 	  4,516.11   	3.58% 							
2014年 	5 	湖州千思家用纺织品有限公司 	  3,465.66   	2.75% 							
2014年 	合计 	合计 	  33,415.81   	26.48% 							
											
项目 	2016 年度 	2015 年度 	2014 年度 								
电（元/度） 	1.01 	1.05 	1.04 								
水（元/吨） 	4.73 	4.82 	3.96 								
											
年度 	排名 	单位名称 	采购金额 （万元） 	主要采购内容 	占当年采购金额的比例 						
2016年 	1 	南通康福特纺织有限公司 	6,179.71 	坯布 	5.48% 						
2016年 	2 	南通展群纺织有限公司 	4,126.11 	成品布 	3.66% 						
2016年 	3 	南通市嘉宇斯纺织科技有限公司 	3,999.91 	成品布 	3.55% 						
2016年 	4 	江苏金太阳纺织科技股份有限公司 	3,759.33 	成品布 	3.33% 						
2016年 	5 	南通爱尔屋纺织品有限公司 	3,545.16 	成品布 	3.14% 						
2016年 	合计 	合计 	21,610.22 	 	19.16% 						
2015年 	1 	南通康福特纺织有限公司 	5,571.85 	坯布 	5.38% 						
2015年 	2 	南通妙境家纺有限公司 	3,491.03 	成品布 	3.37% 						
2015年 	3 	南通展群纺织有限公司 	3,313.97 	成品布 	3.20% 						
2015年 	4 	南通圣之花纺织有限公司 	3,295.82 	成品布 	3.18% 						
2015年 	5 	江苏金太阳纺织科技股份有限公司 	3,208.36 	成品布 	3.10% 						
2015年 	合计 	合计 	18,881.03 	 	18.23% 						
2014年 	1 	南通康福特纺织有限公司 	8,483.28 	坯布 	6.72% 						
2014年 	2 	桐乡市珂伊家纺有限公司 	7,516.56 	蚕丝被胎 	5.96% 						
2014年 	3 	南通展群纺织有限公司 	4,516.11 	成品布 	3.58% 						
2014年 	4 	南通新世纪布业有限公司 	2,999.90 	成品布 	2.38% 						
2014年 	5 	南通市嘉宇斯纺织科技有限公司 	2,718.15 	成品布 	2.15% 						
2014年 	合计 	合计 	26,233.99 	 	20.79% 						
											
年度 	排名 	排名 	单位名称 	采购金额 （万元） 	采购金额 （万元） 	主要采购内容 	占当年采购金额的比例 				
2016年 	1 	1 	宁波维科精华集团股份有限公司 	998.76 	998.76 	坯布印染 	0.89% 				
2016年 	2 	2 	无锡宝隆印染有限公司 	708.43 	708.43 	坯布印染 	0.63% 				
2016年 	3 	3 	上海温丽刺绣厂 	634.20 	634.20 	套件绣花 	0.56% 				
2016年 	4 	4 	上海理敏家纺有限公司 	628.57 	628.57 	套件缝制 	0.56% 				
2016年 	5 	5 	如皋市七星纺织品有限公司 	441.54 	441.54 	套件缝制 	0.39% 				
2016年 	合计 	合计 	合计 	3,411.51 	3,411.51 	 	3.02% 				
2015年 	1 	1 	宁波维科精华集团股份有限公司 	1,566.59 	1,566.59 	坯布印染 	1.51% 				
2015年 	2 	2 	上海理敏家纺有限公司 	650.53 	650.53 	套件缝制 	0.63% 				
2015年 	3 	3 	上海温丽刺绣厂 	545.04 	545.04 	套件绣花 	0.53% 				
2015年 	4 	4 	安徽爱星制衣有限公司 	357.14 	357.14 	套件绣花 	0.34% 				
2015年 	5 	5 	上海人杰绣花加工厂 	346.07 	346.07 	套件绣花 	0.33% 				
年度 	排名 	排名 	单位名称 	采购金额 （万元） 	采购金额 （万元） 	主要采购内容 	占当年采购金额的比例 				
合计 	合计 	合计 	3,465.37 	3,465.37 	 	3.35% 					
1 	1 	宁波维科精华集团股份有限公司 	1,210.65 	1,210.65 	坯布印染 	0.96% 					
2 	2 	上海理敏家纺有限公司 	874.22 	874.22 	套件缝制 	0.69% 					
3 	3 	无锡宝露印染有限公司 	712.02 	712.02 	坯布印染 	0.56% 					
4 	4 	上海温丽刺绣厂 	532.28 	532.28 	套件绣花 	0.42% 					
5 	5 	上海人杰绣花加工厂 	492.96 	492.96 	套件绣花 	0.39% 					
合计 	合计 	合计 	3,822.13 	3,822.13 	 	3.03% 					
											
年度 	排名 	单位名称 	采购金额 （万元） 	主要采购内容 	占当年采购金额的比例 						
2016年 	1 	江苏翔宇纺织品有限公司 	6,278.35 	羽绒被 	5.57% 						
2016年 	2 	湖州千思家用纺织品有限公司 	2,569.88 	蚕丝被 	2.28% 						
2016年 	3 	台州市丝丝美席业有限公司 	1,941.38 	竹草凉席 	1.72% 						
2016年 	4 	南通富佳棉业有限公司 	1,780.51 	床护垫 	1.58% 						
2016年 	5 	南通优蜜羽绒制品有限公司 	984.89 	羽绒被 	0.87% 						
2016年 	合计 	合计 	13,555.01 	 	12.02% 						
2015年 	1 	江苏翔宇纺织品有限公司 	5,490.49 	羽绒被 	5.30% 						
2015年 	2 	湖州千思家用纺织品有限公司 	2,230.03 	蚕丝被 	2.15% 						
2015年 	3 	南通优蜜羽绒制品有限公司 	938.43 	羽绒被 	0.91% 						
2015年 	4 	台州市丝丝美席业有限公司 	923.31 	竹草凉席 	0.89% 						
2015年 	5 	南通富佳棉业有限公司 	903.10 	床护垫 	0.87% 						
2015年 	合计 	合计 	10,485.36 	 	10.13% 						
2014年 	1 	江苏翔宇纺织品有限公司 	9,115.75 	羽绒被 	7.22% 						
2014年 	2 	湖州千思家用纺织品有限公司 	2,945.92 	蚕丝被 	2.33% 						
2014年 	3 	宝应晨阳羽绒制品有限公司 	2,635.87 	羽绒被 	2.09% 						
2014年 	4 	南通优蜜羽绒制品有限公司 	2,264.77 	羽绒被 	1.79% 						
2014年 	5 	南通富佳棉业有限公司 	1,252.12 	床护垫 	0.99% 						
2014年 	合计 	合计 	18,214.43 	 	14.44% 						
											
年度 	项目 	采购金额（万元） 	占当期营业成本的比例 								
2016 年 	委托加工 	7,339.33 	5.89% 								
2016 年 	定制生产（OEM） 	25,781.52 	20.68% 								
2016 年 	合计 	33,120.85 	26.57% 								
2015 年 	委托加工 	6,547.20 	5.30% 								
2015 年 	定制生产（OEM） 	20,298.00 	16.45% 								
2015 年 	合计 	26,845.19 	21.75% 								
2014 年 	委托加工 	7,845.78 	6.66% 								
2014 年 	定制生产（OEM） 	32,911.50 	27.94% 								
2014 年 	合计 	40,757.28 	34.60% 								
											
项 目 	项 目 	2016 年度 	2016 年度 	2015 年度 	2015 年度 	2014 年度 	2014 年度 				
项 目 	项 目 	金额 	占主营业务成本比 	金额 	占主营业务成本比 	金额 	占主营业务成本比 				
原材料 	坯布印染 	  1,951.95   	1.60% 	  2,421.06   	2.02% 	  2,014.41   	1.78% 				
定制生产 的产成品 	26,592.81   	21.82% 	23,071.06   	19.22% 	27,400.06   	24.22% 					
套件绣花及套件缝制 	4,924.41   	4.04% 	5,109.95 	4.26% 	4,123.55 	3.64% 					
合 计 	合 计 	33,469.17   	27.46% 	30,602.07   	25.50% 	33,538.02   	29.64% 				
											
序号 	远亲及其控制、参股的企业名称 	与本公司的关系 									
1 	李雪莲 	公司股东、董事李道想之妹夫谢作班的弟媳 									
2 	重庆诺诗曼贸易有限责任公司 	公司股东谢作威之妻姐的配偶颜贻骥和谢作威之妻弟黄奎藏分别持有其 90%和10%的股权 									
3 	武汉福鑫鑫商贸有限公司 	公司股东梁祥员之妻弟林志福之妻兄张茂川和梁祥员的子女配偶的父亲章银发分别持有其 60%和 40%股权 									
4 	南昌骏业贸易有限公司 	谢作班的弟媳李雪莲和叶陈华分别持有其 55%和 45%的股权 									
5 	南昌市水星商贸有限公司 	谢作班的姐夫陈东爽及其子陈道格分别持有其 70%和 30%的股权 									
6 	南昌沪阳贸易有限公司 	谢作班的弟媳叶陈华持有 55%的股权 									
7 	沈阳水星经贸有限公司 	公司股东李裕党的妻子的表弟陈民腾持有 80%的股权 									
8 	沈阳水星营销策划有限公司 	公司股东李裕党的妻子的表弟陈民杰及配偶余方素分别持有 60%和 40%的股权 									
9 	哈尔滨水星经贸有限公司 	公司股东李裕党的妻妹的配偶陈岳饶儿媳刘赛赛及陈岳饶堂弟陈岳桥分别持有90%和 10%的股权 									
10 	武汉市富盈晶商贸有限公司 	公司股东梁祥员之妻弟林志福之妻妹张少玉持有 100%股权 									
											
期间 	远亲及其控制、参股企业名称 	远亲及其控制、参股企业名称 	金额 	占营业收入比重(%) 							
2016 年 	重庆诺诗曼贸易有限公司 	重庆诺诗曼贸易有限公司 	3,720.35 	1.88% 							
2016 年 	武汉福鑫鑫商贸有限公司 	武汉福鑫鑫商贸有限公司 	147.95 	0.07% 							
2016 年 	南昌骏业贸易有限公司 	南昌骏业贸易有限公司 	3,451.53 	1.75% 							
2016 年 	南昌沪阳贸易有限公司 	南昌沪阳贸易有限公司 	5.48 	0.00% 							
2016 年 	李雪莲 	李雪莲 	0.37 	0.00% 							
2016 年 	沈阳水星经贸有限公司 	沈阳水星经贸有限公司 	1,452.80 	0.73% 							
2016 年 	沈阳水星营销策划有限公司 	沈阳水星营销策划有限公司 	1,824.04 	0.92% 							
2016 年 	哈尔滨水星经贸有限公司 	哈尔滨水星经贸有限公司 	561.37 	0.28% 							
2016 年 	武汉市富盈晶商贸有限公司 	武汉市富盈晶商贸有限公司 	125.44 	0.06% 							
2016 年 	合计 	合计 	11,289.33 	5.69% 							
2015 年 	重庆诺诗曼贸易有限公司 	重庆诺诗曼贸易有限公司 	3,034.08 	1.64% 							
2015 年 	武汉福鑫鑫商贸有限公司 	武汉福鑫鑫商贸有限公司 	326.88 	0.18% 							
2015 年 	南昌骏业贸易有限公司 	南昌骏业贸易有限公司 	3,600.42 	1.94% 							
2015 年 	南昌市水星商贸有限公司 	南昌市水星商贸有限公司 	15.54 	0.01% 							
2015 年 	南昌沪阳贸易有限公司 	南昌沪阳贸易有限公司 	278.96 	0.15% 							
2015 年 	李雪莲 	李雪莲 	6.91 	0.00% 							
2015 年 	沈阳水星经贸有限公司 	沈阳水星经贸有限公司 	1,455.04 	0.79% 							
2015 年 	沈阳水星营销策划有限公司 	沈阳水星营销策划有限公司 	1,635.55 	0.88% 							
2015 年 	哈尔滨水星经贸有限公司 	哈尔滨水星经贸有限公司 	339.90 	0.18% 							
2015 年 	合计 	合计 	10,693.29 	5.78% 							
2014 年 	重庆诺诗曼贸易有限公司 	重庆诺诗曼贸易有限公司 	2,958.44 	1.67% 							
2014 年 	武汉福鑫鑫商贸有限公司 	武汉福鑫鑫商贸有限公司 	755.53 	0.43% 							
2014 年 	南昌骏业贸易有限公司 	南昌骏业贸易有限公司 	2,673.68 	1.51% 							
期间 	远亲及其控制、参股企业名称 	远亲及其控制、参股企业名称 	金额 	占营业收入比重(%) 							
南昌市水星商贸有限公司 	南昌市水星商贸有限公司 	152.18 	0.09% 								
南昌沪阳贸易有限公司 	南昌沪阳贸易有限公司 	389.13 	0.22% 								
李雪莲 	李雪莲 	109.60 	0.06% 								
沈阳水星经贸有限公司 	沈阳水星经贸有限公司 	1,402.40 	0.79% 								
沈阳水星营销策划有限公司 	沈阳水星营销策划有限公司 	1,567.90 	0.88% 								
哈尔滨水星经贸有限公司 	哈尔滨水星经贸有限公司 	807.19 	0.45% 								
合计 	合计 	10,816.06 	6.09% 								
											
序号 	参数 	标准 									
1 	甲醛含量 	GB/T 2912.1-2009 纺织品甲醛的测定第 1 部分：游离和水解的甲醛(水萃取法) 									
2 	pH 值 	GB/T 7573-2009  纺织品 水萃取液 pH 值的测定 									
3 	可分解芳香胺染料 	GB/T 17952 -2011  纺织品 禁用偶氮染料的测定 GB/T 23344-2009 4-氨基偶氮笨的测定 									
4 	耐皂洗色牢度 	GB/T 3921-2008 纺织品色牢度试验  耐皂洗色牢度 									
5 	耐汗渍色牢度 	GB/T 3922-2013  纺织品耐汗渍色牢度试验方法 									
6 	耐摩擦色牢度 	GB/T 3920-2008 纺织品 色牢度试验 耐摩擦色牢度 									
7 	水洗尺寸变化率 	GB/T 8630-2013 纺织品洗涤和干燥后尺寸变化的测定 									
8 	断裂强力 	GB/T 3923.1-2013 纺织品织物拉伸性能 第 1 部分：断裂强力和断裂伸长率的测定条样法 									
9 	织物起球性能 	GB/T 4802.2-2008 纺织品织物起毛起球性能的测定 第 2 部分：改型马丁代尔法 									
10 	机织物密度 	GB/T 4668-1995  机织物密度的测定 									
11 	单位面积质量 	GB/T 4669-2008纺织品机织物单位长度质量和单位面积质量的测定 									
12 	婴幼儿耐唾液色牢度 	GB/T 18886-2002  纺织品 色牢度实验 耐唾液色牢度 									
13 	铅铬含量 	GB/T 30157-2913 纺织品 总铅和总镉含量的测定 									
											
序号 	产品名称 	执行标准 									
1 	床罩，多件套和被服 	Q31/0120000328C001-2016，GB 18401 B 类或 C 类 									
1 	床罩，多件套和被服 	Q31/0120000328C001-2016，GB 18401 B 类或 C 类 									
2 	牛皮制品 	Q31/0120000328C002-2016 ，GB 20400 B 类，GB 18401 C 类 									
2 	牛皮制品 	Q31/0120000328C002-2016 ，GB 20400 B 类，GB 18401 C 类 									
3 	健康枕 	Q31/0120000328C003-2016，GB 18401 C 类 									
3 	健康枕 	Q31/0120000328C003-2016，GB 18401 C 类 									
4 	休闲凉席 	Q31/0120000328C004-2016，GB 18401 B 类 									
4 	休闲凉席 	Q31/0120000328C004-2016，GB 18401 B 类 									
5 	毛毯类 	Q31/0120000328C005-2016，GB 18401 B 类 									
5 	毛毯类 	Q31/0120000328C005-2016，GB 18401 B 类 									
6 	婴幼儿用纱布制品 	Q31/0120000328C006-2016-1，GB 31701A 类 									
6 	婴幼儿用纱布制品 	Q31/0120000328C006-2016-1，GB 31701A 类 									
7 	毛巾 	GB 22864-2009，GB 18401B 类 									
7 	毛巾 	GB 22864-2009，GB 18401B 类 									
8 	蚊帐 	Q/TIZY5-2014，GB 18401C 类 									
8 	蚊帐 	Q/TIZY5-2014，GB 18401C 类 									
9 	儿童、婴幼儿用品 	GB/T22843-2009，GB/T22864-2009，FZ/T62017-2009，FZ/T62003-2015，GB 31701-2015A 类或 B 类 									
9 	儿童、婴幼儿用品 	GB/T22843-2009，GB/T22864-2009，FZ/T62017-2009，FZ/T62003-2015，GB 31701-2015A 类或 B 类 									
											
序号 	程序名称 	关联部门 	具体操作内容 								
1 	研发产品质量检测 	技术研发中心 质管部 	研发的原辅料均需通过质管部进行外在质量和内在质量检验，合格后方可投入研发，确保研发产品的质量安全。 								
1 	研发产品质量检测 	技术研发中心 质管部 	研发的原辅料均需通过质管部进行外在质量和内在质量检验，合格后方可投入研发，确保研发产品的质量安全。 								
2 	原辅材料生产过程质量管控 	采购中心 质管部 	采购中心根据计划中心制定的生产计划选择原辅材料供应商下单生产，采购中心委派跟单员现场进行质量管控，质管部参与原辅材料生产过程质量指导。 								
2 	原辅材料生产过程质量管控 	采购中心 质管部 	采购中心根据计划中心制定的生产计划选择原辅材料供应商下单生产，采购中心委派跟单员现场进行质量管控，质管部参与原辅材料生产过程质量指导。 								
3 	大货原辅料质量检验 	质管部 采购中心 	质管部对回厂的原辅材料进行内外在质量检测，有质量问题的，要求采购中心同供应商协商解决及时处理，成品采购的大货原辅料质量检测，外在质量检测由供应商自行检								
3 	大货原辅料质量检验 	质管部 采购中心 	质管部对回厂的原辅材料进行内外在质量检测，有质量问题的，要求采购中心同供应商协商解决及时处理，成品采购的大货原辅料质量检测，外在质量检测由供应商自行检								
											
测并提供报告，质管部监督审核；内在质量检测需提供市级检测报告，亦由质管部进行监督审核。 											
相关部门共同对产前样进行外观质量和工艺质量的审查和鉴定。 											
相关部门共同对产前样进行外观质量和工艺质量的审查和鉴定。 											
生产部每个车间、组别对正在生产的半成品、成品进行巡回检查，同时要求下道工序检查上道工序，防止产生批量性次品，质管部进行现场监督。工序委外加工回厂的半成品，一律安排全检再转入下道，委外加工与成品采购产品均由公司跟单员跟踪质量问题，质管部进行过程质量管理监督指导。 											
生产部每个车间、组别对正在生产的半成品、成品进行巡回检查，同时要求下道工序检查上道工序，防止产生批量性次品，质管部进行现场监督。工序委外加工回厂的半成品，一律安排全检再转入下道，委外加工与成品采购产品均由公司跟单员跟踪质量问题，质管部进行过程质量管理监督指导。 											
质管部对成品进行检验。质管部抽检组对检后成品采取随机抽检，以监督质检员工作质量。 											
质管部对成品进行检验。质管部抽检组对检后成品采取随机抽检，以监督质检员工作质量。 											
审计监察部对入库成品进行抽检，监察质管部工作质量。 											
审计监察部对入库成品进行抽检，监察质管部工作质量。 											
质管部对销售过程中的退货产品进行质量鉴定分析，要求各生产部、采购中心等相关业务部门制定改善方案并加以实施。 											
质管部对销售过程中的退货产品进行质量鉴定分析，要求各生产部、采购中心等相关业务部门制定改善方案并加以实施。 											
											
4 	产前样确认 	工艺技术部 质管部 各生产部 									
5 	成品生产过程质量管控 	各生产部 质管部 									
5 	成品生产过程质量管控 	各生产部 质管部 									
6 	成品检验 	质管部 									
6 	成品检验 	质管部 									
7 	入库成品抽检 	审计监察部 									
7 	入库成品抽检 	审计监察部 									
8 	售后退货产品检验 	质管部 各生产部 采购中心 									
8 	售后退货产品检验 	质管部 各生产部 采购中心 									
											
固定资产类别 	原 值 	累计折旧 	净额 	折旧年限（年） 							
房屋建筑物 	  25,171.78   	  6,691.74   	  18,480.04   	20 							
机器设备 	  3,286.49   	  1,704.52   	  1,581.97   	5-10 							
运输工具 	  1,365.37   	  897.69   	  467.68   	5 							
电子设备 	  1,511.79   	  974.98   	  536.81   	3-5 							
其他设备 	  799.94   	  403.52   	  396.42   	5 							
固定资产装修 	  214.81   	  192.70   	  22.12   	3-5 							
合 计 	  32,350.18   	  10,865.15   	  21,485.03   	 							
											
序号 	资产名称 	数量（台） 	原值（万元） 	净值（万元） 	成新率 						
1 	电脑绗缝机 	95 	              897.07   	386.11   	43.04% 						
2 	高速平车 	  1,181 	 322.43   	  172.12   	53.38% 						
3 	踏花被生产线 	5 	              176.41   	  107.23   	60.78% 						
4 	物流自动化项目 	1 	              191.20   	156.64   	81.92% 						
5 	拉布机 	8 	              187.69   	127.24   	67.79% 						
6 	前道生产线 	1 	              117.95   	  91.80   	77.83% 						
7 	智能家纺吊挂系统 	1 	              104.10   	  80.20   	77.04% 						
8 	喷胶棉生产线 	1 	                92.00   	   3.68   	4.00% 						
											
序号 	证书编号 	所有权人 	建筑面积（㎡） 	用途 	地点 						
											
1 	沪房地奉字（2013）第009284 号 	水星家纺 	42,429.53   	厂房 	奉贤区沪杭公路 1487 号 						
											
2 	沪房地奉字（2015）第011642 号（注） 	水星家纺 	12,118.81   	厂房 	奉贤区奉金路 99 号 						
											
3 	石房权证东字第250001460 号 	水星家纺 	379.41   	商业服务 	桥东区和平东路 7号荣景园 12-105 						
											
4 	石房权证长字第150002211 号 	水星家纺 	366.50   	商业服务 	长安区谈固东街 35 号东方魅力商住大厦 1-102 						
											
5 	沪房地奉字（2013）第012133 号 	百丽丝 	43,139.39   	厂房 	奉贤区同谊路 333 号 						
											
6 	海安房权证城东镇字第2014011050 号 	海安水星 	22,409.65   	非居住 	城东镇东海大道（东）109号 12 室，13 室，4 室，5室，6 室，7 室 						
											
7 	海安房权证城东镇字第2014011051 号 	海安水星 	3,040.70   	非居住 	城东镇东海大道（东）109号 10 室，11 室 						
											
8 	海安房权证城东镇字第2014011052 号 	海安水星 	55,837.12   	非居住 	城东镇东海大道（东）109号 1,2,3,8,9 及连廊室 						
											
序号 	证书编号 	证书编号 	所有权人 	使用权面积（㎡） 	使用权面积（㎡） 	权利期限截止日期 	权利期限截止日期 	用途 	取得方式 	取得方式 	地点 
											
1 	沪房地奉字（2013）第009284 号 	沪房地奉字（2013）第009284 号 	水星家纺 	37,917 	37,917 	2056.2.20 	2056.2.20 	工业用地 	出让 	出让 	奉贤区沪杭公路1487 号 
											
2 	沪房地奉字（2015）第011642 号 	沪房地奉字（2015）第011642 号 	水星家纺 	75,565 	75,565 	2053.4.23 	2053.4.23 	工业 	出让 	出让 	奉贤区奉金路 99号 
											
3 	沪房地奉字（2013）第012133 号 	沪房地奉字（2013）第012133 号 	百丽丝 	25,110.6 	25,110.6 	2056.11.19 	2056.11.19 	工业用地 	出让 	出让 	奉贤区同谊路333 号 
											
4 	苏海国用（2012）第X801023 号 	苏海国用（2012）第X801023 号 	海安水星 	38,266.00 	38,266.00 	2062.1.29 	2062.1.29 	工业（221） 	出让 	出让 	海安县城东镇丰产村 3 组 
											
5 	苏海国用（2012）第X801135 号 	苏海国用（2012）第X801135 号 	海安水星 	50,592.20 	50,592.20 	2062.5.9 	2062.5.9 	工业(221) 	出让 	出让 	城东镇丰产村 2、3 组 
											
6 	苏海国用	苏海国用	海安水星 	31,306.00 	31,306.00 	2062.5.9 	2062.5.9 	工业	出让 	出让 	城东镇丰产村 3
序号 	证书编号 	证书编号 	所有权人 	使用权面积（㎡） 	使用权面积（㎡） 	权利期限截止日期 	权利期限截止日期 	用途 	取得方式 	取得方式 	地点 
											
（2012）第X801136 号 	（2012）第X801136 号 	(221) 	组 								
											
苏海国用（2013）第X801030 号 	苏海国用（2013）第X801030 号 	海安水星 	13,492.00 	13,492.00 	2063.3.19 	2063.3.19 	工业(221) 	出让 	出让 	城东镇丰产村 2、3 组 	
											
序号 	承租人 	出租人 	房屋地址 	房屋地址 	面积（㎡） 	面积（㎡） 	租赁期限 	租赁用途 			
1 	水星股份 	谢炳坤 	上海市徐汇区衡山路922 号 28 楼 	上海市徐汇区衡山路922 号 28 楼 	1,068.24 	1,068.24 	2015.1.1- 2018.12.31 	人员办公 			
2 	水星股份 	陈建华、卫颋、汤永莲、卫颖、焦建人、严俊、张恩源、焦点 	上海市奉贤区南桥南中路 8、10、12、14、16 号 	上海市奉贤区南桥南中路 8、10、12、14、16 号 	417.09 	417.09 	2015.8.8- 2020.8.7 	门店经营 			
3 	水星股份 	全林红、吕一心 	上海市金山石化镇卫清西路 961、963、965号 	上海市金山石化镇卫清西路 961、963、965号 	350.00 	350.00 	2016.1.1- 2021.12.31 	门店经营 			
4 	水星股份 	上海盛竹投资管理有限公司 	上海市浦东新区梅花路 915 号 1 层 	上海市浦东新区梅花路 915 号 1 层 	107.43 	107.43 	2016.9.15- 2019.9.14 	门店经营 			
5 	水星股份 	周大娟 	上海市徐汇区虹桥路602 号 	上海市徐汇区虹桥路602 号 	94.38 	94.38 	2017.4.17- 2020.4.16 	门店经营 			
6 	水星股份 	陈登峰、陈高峰、陈贤青、高甩青 	上海市普陀区长寿路699 号 102 室 	上海市普陀区长寿路699 号 102 室 	545.61 	545.61 	2014.9.16- 2019.9.15 	门店经营 			
7 	水星股份 	陈建华、张凤仙、卫颋、卫颖 	上海市奉贤区南中路5 号，7 号，9 号，11号 	上海市奉贤区南中路5 号，7 号，9 号，11号 	146.37 	146.37 	2015.8.8- 2020.8.7 	门店经营 			
8 	水星股份 	上海煦新企业管理有限公司 	上海市奉贤宝龙城市广场 9 号楼第 1+2 层742 商铺一间 	上海市奉贤宝龙城市广场 9 号楼第 1+2 层742 商铺一间 	362.04 	362.04 	2015.9.30- 2020.9.29 	门店经营 			
9 	水星股份 	上海艾婴乐实业有限公司 	上海市奉贤区南桥镇西渡工业区奉金路558 号 3 幢、5 幢厂房 	上海市奉贤区南桥镇西渡工业区奉金路558 号 3 幢、5 幢厂房 	9,680.00 	9,680.00 	2016.1.15- 2018.1.14 	仓储 			
10 	百丽丝 	杨华妹 	上海市延吉中路 549号 	上海市延吉中路 549号 	120.00 	120.00 	2016.10.1- 2021.9.30 	门店经营 			
11 	河北水星 	水星股份 	石家庄市长安区谈固	石家庄市长安区谈固	339.68 	339.68 	2012.10.1- 	门店经营 			
序号 	承租人 	出租人 	房屋地址 	房屋地址 	面积（㎡） 	面积（㎡） 	租赁期限 	租赁用途 			
东街 35 号东方魅力商住大厦 1-102 	东街 35 号东方魅力商住大厦 1-102 	2022.9.30 									
石家庄市桥东区和平东路 7 号荣景园12-105 	石家庄市桥东区和平东路 7 号荣景园12-105 	313.49 	313.49 	2012.5.1- 2022.4.30 	门店经营 	门店经营 					
石家庄市西三庄大街165 号 	石家庄市西三庄大街165 号 	891.00 	891.00 	2015.1.1- 2017.12.31 	门店经营 	门店经营 					
石家庄市西三庄大街165 号 	石家庄市西三庄大街165 号 	199.00 	199.00 	2015.1.1- 2017.12.31 	门店经营 	门店经营 					
石家庄友谊北大街35 号 	石家庄友谊北大街35 号 	150.00 	150.00 	2013.4.11- 2017.5.20 	门店经营 	门店经营 					
杭州市现代置业大厦东楼 718 室 	杭州市现代置业大厦东楼 718 室 	66.59 	66.59 	2014.8.1- 2017.7.31 	人员办公 	人员办公 					
杭州市滨江区西兴工业园聚园路 12 号 	杭州市滨江区西兴工业园聚园路 12 号 	690.00 	690.00 	2016.1.25- 2021.1.24 	仓储 	仓储 					
杭州市建国北路 512号 	杭州市建国北路 512号 	320.83 	320.83 	2013.8.1- 2019.7.31 	门店经营 	门店经营 					
杭州市萍水街 506、508 号 	杭州市萍水街 506、508 号 	260.00 	260.00 	2016.8.13- 2019.5.30 	门店经营 	门店经营 					
杭州市上城区复兴南街 361 号、化仙桥路61 号 	杭州市上城区复兴南街 361 号、化仙桥路61 号 	161.28 	161.28 	2014.9.15- 2017.9.14 	门店经营 	门店经营 					
杭州市滨江区春晓路548、550、552 号 	杭州市滨江区春晓路548、550、552 号 	396.43 	396.43 	2016.5.1- 2018.4.30 	门店经营 	门店经营 					
杭州锦昌文华苑 68、69 号 	杭州锦昌文华苑 68、69 号 	93.62 	93.62 	2015.4.8- 2019.5.22 	门店经营 	门店经营 					
杭州市萧山区工人路905 号 	杭州市萧山区工人路905 号 	288.00 	288.00 	2012.10.1- 2020.10.31 	门店经营 	门店经营 					
杭州永波街 172 号 	杭州永波街 172 号 	239.30 	239.30 	2014.4.15- 2019.4.14 	门店经营 	门店经营 					
杭州市湖墅南路 78-1号 	杭州市湖墅南路 78-1号 	170.00 	170.00 	2017.3.1- 2020.2.29 	门店经营 	门店经营 					
杭州市文三西路194、196 号 	杭州市文三西路194、196 号 	174.24 	174.24 	2015.4.15- 2019.5.19 	门店经营 	门店经营 					
杭州市西湖区留下路西溪梅园 4-2 号 	杭州市西湖区留下路西溪梅园 4-2 号 	96.03 	96.03 	2016.2.15- 2022.2.14 	门店经营 	门店经营 					
北京市东城区交道口	北京市东城区交道口	270.00 	270.00 	2014.11.10- 	人员办公 	人员办公 					
序号 	承租人 	出租人 	房屋地址 	房屋地址 	面积（㎡） 	面积（㎡） 	租赁期限 	租赁用途 			
物业管理中心 	东大街 8 号楼一层 	东大街 8 号楼一层 	2017.11.9 								
北京华泰永盛仓储服务有限公司 	朝阳区广渠路 1 号商业储运公司大楼209、216 仓库房 	朝阳区广渠路 1 号商业储运公司大楼209、216 仓库房 	342.48 	342.48 	2017.3.25- 2017.9.24 	仓储 	仓储 				
上海水星商务信息咨询有限公司 	上海市奉贤区肖玻路128 号 	上海市奉贤区肖玻路128 号 	14,935.74 	14,935.74 	2017.1.1- 2017.12.31 	人员办公、仓储 	人员办公、仓储 				
南通水星电动工具有限公司 	海门工业区三星召良村三组 	海门工业区三星召良村三组 	15,424.80 	15,424.80 	2017.1.1- 2017.12.31 	人员办公、仓储 	人员办公、仓储 				
百丽丝 	上海市奉贤区同谊路333 号 	上海市奉贤区同谊路333 号 	33,383.33 	33,383.33 	2017.1.1- 2017.12.31 	生产、仓储 	生产、仓储 				
陈应弟、曾锡来 	上海市松江区中山二路 154 号 	上海市松江区中山二路 154 号 	110.19 	110.19 	2016.5.1- 2021.4.30 	门店经营 	门店经营 				
韩雷 	上海市奉贤区南奉公路 1995-1997 号 	上海市奉贤区南奉公路 1995-1997 号 	299.72 	299.72 	2016.8.1- 2021.7.31 	门店经营 	门店经营 				
上海大骏物业管理有限公司 	上海市奉贤区金汇镇金闸公路 599 号一层1303 号 	上海市奉贤区金汇镇金闸公路 599 号一层1303 号 	97 	97 	2016.11.7- 2019.11.6 	门店经营 	门店经营 				
上海宝龙康骏房产开发有限公司 	上海市阿克苏路1099 号 1 号楼 1 层1105-1109 	上海市阿克苏路1099 号 1 号楼 1 层1105-1109 	228.7 	228.7 	2016.9.23- 2021.9.22 	门店经营 	门店经营 				
上海镌新企业管理有限公司 	上海市漕宝路 3299号七宝宝龙 B1 层208/210/212 	上海市漕宝路 3299号七宝宝龙 B1 层208/210/212 	100 	100 	2016.6.18- 2019.6.17 	门店经营 	门店经营 				
贯丽、陈睿 	合肥市长江中路 319号仁和大厦 1305 室 	合肥市长江中路 319号仁和大厦 1305 室 	134.45 	134.45 	2016.12.17- 2019.12.16 	人员办公 	人员办公 				
石家庄华夏商贸股份有限公司 	石家庄桥西东风路B1 一层 84 号 	石家庄桥西东风路B1 一层 84 号 	75.2 	75.2 	2017.4.8- 2018.4.7 	门店经营 	门店经营 				
凌祥 	无锡市梁溪区南长街7、9 号 	无锡市梁溪区南长街7、9 号 	210 	210 	2017.4.1- 2018.3.31 	人员办公 	人员办公 				
上海臻龙置业有限公司 	上海市奉贤区奉浦开发区北一路 18 号 	上海市奉贤区奉浦开发区北一路 18 号 	19,980.00 	19,980.00 	2016.9.18- 2018.6.17 	仓储 	仓储 				
王嘉明 	北京市通州区万达广场 	北京市通州区万达广场 	92.00 	92.00 	2017.3.15- 2023.3.14 	门店经营 	门店经营 				
黄东 	合肥市庐阳区徽州大道 71 号 	合肥市庐阳区徽州大道 71 号 	270.00 	270.00 	2017.3.20- 2020.3.19 	门店经营 	门店经营 				
李章云 	石家庄市胜利北街	石家庄市胜利北街	185.00 	185.00 	2017.5.15- 2021.5.14 	门店经营 	门店经营 				
序号 	承租人 	出租人 	房屋地址 	房屋地址 	面积（㎡） 	面积（㎡） 	租赁期限 	租赁用途 			
386 号 	386 号 										
总计 	总计 	总计 	总计 	总计 	总计 	103,879.26 	103,879.26 	- 	- 		
											
12 	河北水星 	水星股份 									
13 	河北水星 	石家庄紫光艺术品有限公司 									
14 	河北水星 	石家庄紫光艺术品有限公司 									
15 	河北水星 	石家庄东聚物业服务有限公司 									
16 	浙江星贵 	贾大干 									
17 	浙江星贵 	杭州茂源车业有限公司 									
18 	浙江星贵 	杭州市下城区商业贸易有限公司 									
19 	浙江星贵 	陈永达 									
20 	浙江星贵 	徐益英、徐慧英 									
21 	浙江星贵 	施鑫 									
22 	浙江星贵 	张邨、周汤艳 									
23 	浙江星贵 	董丽霞 									
24 	浙江星贵 	杭州梦舟实业有限公司 									
25 	浙江星贵 	杭州至正广告有限公司 									
26 	浙江星贵 	马云菊 									
27 	浙江星贵 	艾发弟、杨仕春 									
28 	北京水星 	北京鑫企旺									
											
29 	北京水星 										
30 	水星电子商务 										
31 	海门水星 										
32 	上海水星 										
33 	水星股份 										
34 	百丽丝 										
35 	水星股份 										
36 	水星股份 										
37 	水星股份 										
38 	水星股份 										
39 	河北水星 										
40 	无锡水星家纺有限公司 										
41 	水星股份 										
42 	北京水星 										
43 	合肥莫克瑞 										
44 	河北水星 										
											
序号 	注册证号 	商标图像 	核定使用商品类别 	有效期限 	权利人 						
1 	1815217 	 	24 	2002.7.28- 2022.7.27 	发行人 						
2 	1460673 	 	24 	2010.10.21- 2020.10.20 	发行人 						
3 	1488680 	 	24 	2010.12.14- 2020.12.13 	发行人 						
4 	1492664 	 	24 	2010.12.21- 2020.12.20 	发行人 						
5 	1389733 	  	18 	2010.4.28- 2020.4.27 	发行人 						
6 	4348591 	 	22 	2008.8.21- 2018.8.20 	发行人 						
7 	1426033 	 	24 	2010.7.28- 2020.7.27 	发行人 						
8 	1426034 	 	24 	  2010.7.28- 2020.7.27 	发行人 						
9 	1426035 	 	24 	2010.7.28- 2020.7.27 	发行人 						
序号 	注册证号 	商标图像 	核定使用商品类别 	有效期限 	权利人 						
10 	1310717 	  	24 	2009.9.7- 2019.9.6 	发行人 						
11 	4861666 	 	24 	2010.9.7- 2020.9.6 	发行人 						
12 	4464628 	  	24 	2009.1.7- 2019.1.6 	发行人 						
13 	4464623 	 	22 	2008.11.7- 2018.11.6 	发行人 						
14 	5089196 	  	22 	2010.2.7- 2020.2.6 	发行人 						
15 	4464627 	 	23 	2008.11.7- 2018.11.6 	发行人 						
16 	5089198 	 	11 	2009.3.21- 2019.3.20 	发行人 						
17 	5089197 	 	20 	2009.5.7- 2019.5.6 	发行人 						
18 	4861665 	 	24 	2010.5.14- 2020.5.13 	发行人 						
19 	5089195 	 	23 	2010.4.14- 2020.4.13 	发行人 						
20 	6801354 	 	11 	2010.7.7- 2020.7.6 	发行人 						
21 	6801358 	 	20 	2010.4.21- 2020.4.20 	发行人 						
22 	6801363 	 	11 	 2010.7.7-  2020.7.6 	发行人 						
23 	8440499 	 	24 	2011.7.14- 2021.7.13 	发行人 						
24 	8440510 	 	24 	2011.7.14- 2021.7.13 	发行人 						
25 	9742530 	 	26 	2012.9.14- 2022.9.13 	发行人 						
26 	9742613 	 	26 	2012.9.14- 2022.9.13 	发行人 						
27 	9742810 	 	27 	2012.9.14- 2022.9.13 	发行人 						
28 	9742406 	 	4 	2012.11.28- 2022.11.27 	发行人 						
29 	9742926 	 	40 	2012.11.21- 2022.11.20 	发行人 						
30 	9743177 	 	40 	2012.11.21- 2022.11.20 	发行人 						
序号 	注册证号 	商标图像 	核定使用商品类别 	有效期限 	权利人 						
31 	9517532 	 	24 	2014.1.7- 2024.1.6 	发行人 						
32 	9742473 	 	4 	2014.1.7- 2024.1.6 	发行人 						
33 	9742576 	 	26 	2014.1.7- 2024.1.6 	发行人 						
34 	10908053 	 	24 	2013.8.21- 2023.8.20 	发行人 						
35 	10908123 	 	24 	2013.11.7- 2023.11.6 	发行人 						
36 	10908074 	 	24 	2013.12.7- 2023.12.6 	发行人 						
37 	10908102 	 	24 	2013.11.21- 2023.11.20 	发行人 						
38 	8481965 	 	27 	2015.1.20- 2021.11.06 	发行人 						
39 	14398731 	 	25 	2015.5.28- 2025.5.27 	发行人 						
40 	14398772 	 	25 	2015.5.28- 2025.5.27 	发行人 						
41 	14398900 	 	27 	2015.5.28- 2025.5.27 	发行人 						
42 	13974829 	 	24 	2015.4.7- 2025.4.6 	发行人 						
43 	13974888 	 	27 	2015.4.7- 2025.4.6 	发行人 						
44 	13974843 	 	24 	2015.4.7- 2025.4.6 	发行人 						
45 	13974907 	 	27 	2015.4.7- 2025.4.6 	发行人 						
46 	11569877 	 	25 	2015.9.7- 2025.9.6 	发行人 						
47 	13292644 	 	24 	2015.9.7- 2025.9.6 	发行人 						
48 	13292726 	 	27 	2015.8.21- 2025.8.20 	发行人 						
49 	13292698 	 	25 	2015.8.28- 2025.8.27 	发行人 						
50 	14399173 	 	18 	2015.12.14-2025.12.13 	发行人 						
序号 	注册证号 	商标图像 	核定使用商品类别 	有效期限 	权利人 						
51 	13292585 	 	20 	2015.11.14-2025.11.13 	发行人 						
52 	14398604 	 	20 	2016.3.21-2026.3.20 	发行人 						
53 	14396609 	 	24 	2016.3.21-2026.3.20 	发行人 						
54 	3187706 	   	24 	2014.05.28- 2024.05.27 	百丽丝 						
55 	3542303 	  	24 	2015.05.28- 2025.05.27 	百丽丝 						
56 	3542304 	 	24 	2015.05.28- 2025.05.27 	百丽丝 						
57 	3542305 	 	20 	2015.01.21- 2025.01.20 	百丽丝 						
58 	5056014 	 	20 	2009.5.28- 2019.5.27 	百丽丝 						
59 	4348592 	 	22 	2008.10.14- 2018.10.13 	百丽丝 						
60 	8435748 	 	24 	2011.7.14- 2021.07.13 	百丽丝 						
61 	8435775 	 	24 	2011.7.14- 2021.07.13 	百丽丝 						
62 	8435760 	  	24 	2011.7.14- 2021.07.13 	百丽丝 						
63 	9739007 	 	40 	2012.9.14- 2022.9.13 	百丽丝 						
64 	9739035 	 	40 	2012.9.7- 2022.9.6 	百丽丝 						
65 	9747861 	 	4 	2012.9.14- 2022.9.13 	百丽丝 						
66 	9747960 	 	26 	2012.9.14- 2022.9.13 	百丽丝 						
67 	9747990 	 	27 	2012.9.14- 2022.9.13 	百丽丝 						
68 	8430254 	 	20 	2013.1.14- 2023.1.13 	百丽丝 						
69 	8430264 	 	20 	2013.3.7- 2023.3.6 	百丽丝 						
70 	8430244 	 	20 	2013.4.21- 2023.4.20 	百丽丝 						
序号 	注册证号 	商标图像 	核定使用商品类别 	有效期限 	权利人 						
71 	10889039 	 	20 	2013.08.14- 2023.08.13 	百丽丝 						
72 	10889100 	 	25 	2013.08.21- 2023.08.20 	百丽丝 						
73 	10889132 	 	27 	2013.08.14- 2023.08.13 	百丽丝 						
74 	9747915 	 	16 	2015.3.28- 2025.3.27 	百丽丝 						
75 	9748027 	 	35 	2014.08.21- 2024.08.20 	百丽丝 						
76 	11902248 	 	24 	2014.05.28- 2024.05.27 	百丽丝 						
77 	3731476 	 	20 	2006.01.28-2026.01.27 	百丽丝 						
78 	8407170 	 	3 	2011.6.28- 2021.6.27 	电子商务 						
79 	8419726 	 	4 	2011.7.7- 2021.7.6 	电子商务 						
80 	8419736 	 	4 	2011.7.7- 2021.7.6 	电子商务 						
81 	8419744 	 	4 	2011.7.7- 2021.7.6 	电子商务 						
82 	8419756 	 	8 	2011.7.7- 2021.7.6 	电子商务 						
83 	8419762 	 	8 	2011.7.7- 2021.7.6 	电子商务 						
84 	8419768 	 	8 	2011.7.7- 2021.7.6 	电子商务 						
85 	8424238 	 	11 	2011.7.14- 2021.7.13 	电子商务 						
86 	8424267 	 	20 	2011.7.14- 2021.7.13 	电子商务 						
87 	8424299 	 	21 	2011.7.14- 2021.7.13 	电子商务 						
88 	8430159 	 	24 	2011.7.14- 2021.7.13 	电子商务 						
89 	8430171 	 	24 	2011.7.14- 2021.7.13 	电子商务 						
序号 	注册证号 	商标图像 	核定使用商品类别 	有效期限 	权利人 						
90 	8430184 	 	27 	2011.7.14- 2021.7.13 	电子商务 						
91 	8430189 	 	27 	2011.7.14- 2021.7.13 	电子商务 						
92 	8430200 	 	27 	2011.7.14- 2021.7.13 	电子商务 						
93 	8424304 	 	21   	2013.1.7- 2023.1.6 	电子商务 						
94 	8424322 	 	24 	2012.11.21- 2022.11.20 	电子商务 						
95 	8424273 	 	20   	2013.1.21- 2023.1.20 	电子商务 						
96 	8407182 	 	3 	2012.11.21- 2022.11.20 	电子商务 						
97 	8424259 	 	20 	2013.1.28- 2023.1.27 	电子商务 						
98 	8424233 	 	11 	2013.2.28- 2023.2.27 	电子商务 						
99 	8424244 	 	11 	2013.2.7- 2023.2.6 	电子商务 						
100 	8407162 	 	3 	2013.07.14- 2023.07.13 	电子商务 						
101 	8424295 	 	21 	2013.04.21- 2023.04.20 	电子商务 						
102 	10907251 	 	22 	2013.08.14- 2023.08.13 	电子商务 						
103 	10907297 	 	23 	2013.8.21- 2023.8.20 	电子商务 						
104 	10907415 	 	25 	2013.08.14- 2023.08.13 	电子商务 						
											
序号 	注册号 	商标图像 	核定使用类别 	有效期限 	注册地 	权利人 					
1 	302083176 	 	24（依《尼斯分类》） 	2011.11.11- 2021.11.10 	中国香港 	发行人 					
序号 	注册号 	商标图像 	核定使用类别 	有效期限 	注册地 	权利人 					
2 	302609262 	 	24（依《尼斯分类》） 	2013.5.16- 2023.5.15 	中国香港 	发行人 					
3 	303044213 	 	24（依《尼斯分类》） 	2014.6.23- 2024.6.22 	中国香港 	发行人 					
4 	01439631 	 	24（依台湾商标法施行细则第 13 条第 24 类） 	2010.11.16-2020.11.15 	中国台湾 	发行人 					
5 	01441845 	 	24（依台湾商标法施行细则第 13 条第 24 类） 	2010.12.1- 2020.11.30 	中国台湾 	发行人 					
6 	975943 	 	24（依《尼斯分类》，下同） 	2008.7.1- 2018.7.1 	英国 丹麦 新加坡 澳大利亚 爱尔兰 	发行人 					
7 	4252849 	 	24 	2012.12.4- 2022.12.4 	美国 	发行人 					
8 	4736320 	 	20、24、27 	2015.5.12- 2025.5.12 	美国 	发行人 					
9 	838187 	 	24 28 	2004.9.10- 2024.9.10 	英国 德国 法国 澳大利亚 俄罗斯 	发行人 					
10 	839229 	 	24 	2004.7.16- 2024.7.16 	德国 法国 	百丽丝 					
11 	978147 	 	24 	2008.7.15- 2018.7.15 	丹麦 芬兰 新加坡 爱尔兰 	百丽丝 					
											
序号 	专利类别 	专利名称 	专利申请号 	证书号 	有效期 						
1 	发明 	一种可水洗负离子羊毛纤维的制备方法及其在家纺产品中的应用 	ZL201210530021.5 	1848242 	2012.12.10-2032.12.9 						
2 	发明 	一种棉短绒纤维的制备方法 	ZL201310079782.8 	1741774 	2013.3.13- 						
序号 	专利类别 	专利名称 	专利申请号 	证书号 	有效期 						
2033.3.12 											
2012.12.10- 2032.12.9 											
2011.6.20- 2031.6.19 											
2012.12.10- 2032.12.9 											
2011.12.30- 2031.12.29 											
2013.3.13- 2033.3.12 											
2011.7.15- 2031.7.14 											
2010.12.30- 2030.12.29 											
2010.12.30- 2030.12.29 											
2011.4.7- 2021.4.6 											
2009.7.21- 2029.7.20 											
2011.4.2- 2021.4.1 											
2011.4.7- 2031.4.6 											
2010.12.30-2030.12.29 											
2009.7.16- 2029.7.15 											
2009.7.16- 2029.7.15 											
2010.9.25- 2030.9.24 											
2008.10.6- 2028.10.5 											
2009.7.16- 2029.7.15 											
2009.7.16- 2029.7.15 											
序号 	专利类别 	专利名称 	专利申请号 	证书号 	有效期 						
22 	发明 	一种负离子技术制备蚕丝的方法及其在家纺产品中的应用 	ZL200910054874.4 	748776 	2009.7.16- 2029.7.15 						
23 	发明 	聚对苯二甲酸-共-丁二酸丁二醇酯纤维 	ZL200610118400.8 	422179 	2006.11.16-2026.11.15 						
24 	发明 	一种复合纱及其制备和应用 	ZL03129505.3 	324123 	2003.6.25- 2023.6.24 						
25 	发明 	制冷-加热毯 	ZL200810167244.3 	687906 	2014.7.11- 2028.10.15 						
26 	发明 	一种长效除臭除异味芯被面料的制备方法 	ZL201310750273.3 	2089385 	2013.12.31-2023.12.30 						
27 	发明 	一种 PTT 纤维精梳仿毛面料的制备方法 	ZL201310750261.0 	2088753 	2013.12.31-2023.12.30 						
28 	实用新型 	制冷-加热毯 	ZL200820139822.8 	1308021 	2014.7.10- 2018.10.14 						
29 	实用新型 	快速接插件 	ZL201020229776.8 	1653068 	2014.7.23- 2020.6.17 						
30 	实用新型 	毯体分流器 	ZL201020229759.4 	1658561 	2014.7.14- 2020.6.17 						
31 	实用新型 	制冷制热控制电路 	ZL201020260362.1 	1715542 	2014.7.14- 2020.7.15 						
32 	实用新型 	水制冷制热系统 	ZL201020229772.X 	1775148 	2014.7.23- 2020.6.17 						
33 	实用新型 	水毯式制冷制热装置 	ZL201020543778.4 	1776077 	2014.7.28- 2020.9.27 						
34 	实用新型 	一种组和合,情侣被 	ZL201420482442.X 	4105740 	2014.8.25- 2024.8.24 						
35 	实用新型 	一种棕榈凉席 	ZL201320458502.X 	3455685 	2013.7.30- 2023.7.29 						
36 	实用新型 	一种 3D 乳胶枕 	ZL201220609109.1 	2901869 	2012.11.16- 2022.11.15 						
37 	实用新型 	一种多功能水洗亲肤被 	ZL201220606044.5 	2902349 	2012.11.16- 2022.11.15 						
38 	实用新型 	一种竹纤维双面凹凸被 	ZL201220606045.X 	2902250 	2012.11.16- 2022.11.15 						
39 	实用新型 	一种抗菌防螨鹅绒被 	ZL201220459033.9 	2772942 	2012.9.10- 2022.9.9 						
40 	实用新型 	三层夹心被子 	ZL201120572053.2 	2539660 	2011.12.30-2021.12.29 						
41 	实用新型 	一种两用双面席 	ZL201120314336.7 	2228240 	2011.8.24- 2021.8.23 						
42 	实用新型 	三层立体羽绒枕 	ZL201120314724.5 	2199612 	2011.8.24- 						
序号 	专利类别 	专利名称 	专利申请号 	证书号 	有效期 						
2021.8.23 											
2011.8.24- 2021.8.23 											
2011.8.24- 2021.8.23 											
2011.7.15- 2021.7.14 											
2011.5.30- 2021.5.29 											
2011.11.18- 2021.11.17 											
2010.9.8- 2020.9.7 											
2010.9.8- 2020.9.7 											
2010.9.8- 2020.9.7 											
2010.9.8- 2020.9.7 											
2010.9.8- 2020.9.7 											
2010.9.17- 2020.9.16 											
2010.9.17- 2020.9.16 											
2010.9.17- 2020.9.16 											
2010.9.17- 2020.9.16 											
2010.9.8- 2020.9.7 											
2010.9.8- 2020.9.7 											
2010.6.10- 2020.6.9 											
2010.6.10- 2020.6.9 											
2010.6.10- 2020.6.9 											
2010.6.10- 2020.6.9 											
2010.1.5- 											
序号 	专利类别 	专利名称 	专利申请号 	证书号 	有效期 						
2020.1.4 											
2009.4.9- 2019.4.8 											
2008.2.25- 2018.2.24 											
2007.4.2- 2017.4.1 											
2015.1.20- 2025.1.19 											
2015.1.20- 2025.1.19 											
2015.1.20- 2025.1.19 											
2015.1.20- 2025.1.19 											
2015.1.20- 2025.1.19 											
2015.1.20- 2025.1.19 											
2015.1.20- 2025.1.19 											
2015.1.20- 2025.1.19 											
2015.1.20- 2025.1.19 											
2015.1.20- 2025.1.19 											
2015.1.20- 2025.1.19 											
2015.1.20- 2025.1.19 											
2015.1.20- 2025.1.19 											
2015.1.20- 2025.1.19 											
2015.1.20- 2025.1.19 											
2015.1.20- 2025.1.19 											
2015.1.20- 2025.1.19 											
2015.1.26- 											
序号 	专利类别 	专利名称 	专利申请号 	证书号 	有效期 						
床单式） 	2025.1.25 										
仿藤凉席二件套（玫瑰花泉抗菌防螨提花） 	ZL201530022101.4 	3319407 	2015.1.26- 2025.1.25 								
生态水毯主机 	ZL201030150120.2 	1383097 	2014.7.23- 2020.4.26 								
面料（艾茉莉） 	ZL201330451472.5 	2963001 	2013.9.22- 2023.9.21 								
面料（奥斯丁玫瑰） 	ZL201330451428.4 	2840029 	2013.9.22- 2023.9.21 								
面料（西西里椰炭） 	ZL201330451513.0 	2812498 	2013.9.22- 2023.9.21 								
面料（普兰丝薰衣草） 	ZL201330451427.x 	2812839 	2013.9.22- 2023.9.21 								
凉席（金银花花形 1） 	ZL201230579948.9 	2415547 	2012.11.27- 2022.11.26 								
凉席（金银花花形 2） 	ZL201230580232.0 	2417328 	2012.11.27- 2022.11.26 								
床垫（桔子红了） 	ZL201230579349.7 	2416030 	2012.11.27- 2022.11.26 								
床垫（玫瑰花语） 	ZL201230578973.5 	2417218 	2012.11.27- 2022.11.26 								
床上用品套件（艾米丽） 	ZL201230578816.4 	2439578 	2012.11.27- 2022.11.26 								
床上用品套件（缤纷年华） 	ZL201230578971.6 	2438619 	2012.11.27- 2022.11.26 								
床上用品套件（塞纳河畔） 	ZL201230578486.9 	2438510 	2012.11.27- 2022.11.26 								
盖毯（罗马假日） 	ZL201230578554.1 	2415245 	2012.11.27- 2022.11.26 								
凉席二件套（薰衣草花形） 	ZL201130320366.4 	1877990 	2011.9.14- 2021.9.13 								
被套（非凡） 	ZL201130119218.6 	1722305 	2011.5.13- 2021.5.12 								
被套（疯狂赛车） 	ZL201130119284.3 	1721380 	2011.5.13 -2021.5.12 								
被套（简约地中海） 	ZL201130119239.8 	1721991 	2011.5.13- 2021.5.12 								
被套（咖啡） 	ZL201130119287.7 	1720764 	2011.5.13- 2021.5.12 								
被套（雷诺瓦） 	ZL201130119213.3 	1719873 	2011.5.13 -2021.5.12 								
被套（曼迪尼童话） 	ZL201130119252.3 	1720095 	2011.5.13- 								
序号 	专利类别 	专利名称 	专利申请号 	证书号 	有效期 						
2021.5.12 											
2011.5.13- 2021.5.12 											
2011.5.13 -2021.5.12 											
2011.5.13- 2021.5.12 											
2011.5.13- 2021.5.12 											
2011.5.13- 2021.5.12 											
2011.5.13- 2021.5.12 											
2011.5.13- 2021.5.12 											
2011.5.13- 2021.5.12 											
2011.5.13 -2021.5.12 											
2011.5.13- 2021.5.12 											
2011.5.13- 2021.5.12 											
2011.5.13- 2021.5.12 											
2011.5.13- 2021.5.12 											
2011.5.13- 2021.5.12 											
2011.5.13- 2021.5.12 											
2011.5.13 -2021.5.12 											
2011.5.13- 2021.5.12 											
2011.5.13- 2021.5.12 											
2011.5.13- 2021.5.12 											
2011.5.13- 2021.5.12 											
2011.5.13- 											
序号 	专利类别 	专利名称 	专利申请号 	证书号 	有效期 						
2021.5.12 											
2011.5.13- 2021.5.12 											
2010.8.6- 2020.8.5 											
2010.8.6- 2020.8.5 											
2010.8.6- 2020.8.5 											
2010.8.6 -2020.8.5 											
2010.8.6- 2020.8.5 											
2010.8.6- 2020.8.5 											
2010.8.12- 2020.8.11 											
2010.8.3- 2020.8.2 											
2010.8.3- 2020.8.2 											
2010.8.3- 2020.8.2 											
2010.8.3- 2020.8.2 											
											
3 	发明 	一种超柔家纺面料的加工方法 	ZL201210528630.7 	1700404 							
4 	发明 	量子能芯类产品 	ZL201110166593.5 	1613099 							
5 	发明 	一种珍珠纤维与天丝混充被的制备方法 	ZL201210529982.4 	1578116 							
6 	发明 	板蓝根扎染面料的制备方法 	ZL201110457402.0 	1555410 							
7 	发明 	一种抗菌防臭羽绒被的制备方法 	ZL201310079785.1 	1555615 							
8 	发明 	隔尿垫及其制备方法 	ZL201110199697.6 	1410880 							
9 	发明 	缓释可控熏衣草精细油微胶囊整理剂及其制备方法和应用 	ZL201010618460.2 	1390065 							
10 	发明 	抗菌纤维、其制备方法及含有该抗菌纤维的枕芯和被芯 	ZL201010618461.7 	1206552 							
11 	发明 	可再生天丝的铺网方法及其该方法在家纺产品中的应用 	ZL20110086300.2 	1153982 							
12 	发明 	天丝纤维喷气涡流纺制备毛巾的方法 	ZL200910055128.7 	1151343 							
13 	发明 	一种芦荟护肤负离子可水洗蚕丝被的制备方法 	ZL201110083233.9 	1152317 							
14 	发明 	采用喷气涡流纺纺织家纺产品用纱线的方法以及用此纱线织造家纺产品面料的方法 	ZL201110086844.9 	1089815 							
15 	发明 	决明子复合抗菌整理剂、制备方法以及处理纤维的方法和应用 	ZL201010618462.1 	1090490 							
16 	发明 	一种负离子涤纶纤维的制备方法及其在家纺中的应用 	ZL200910054875.9 	1005028 							
17 	发明 	一种远红外保暖被 	ZL200910054871.0 	1008909 							
18 	发明 	罗布麻混纺纱线 	ZL201010292520.6 	1008773 							
19 	发明 	一种玉米纤维多功能线 	ZL200810200788.5 	950627 							
20 	发明 	莫代尔纤维纱线的制备方法及其在家纺面料中的应用 	ZL200910054869.3 	927227 							
21 	发明 	一种抗菌纤维及其制备方法及其在家纺产品中的应用 	ZL200910054873.X 	859784 							
											
43 	实用新型 	不对称立衬羽绒被 	ZL201120314338.6 	2200765 							
44 	实用新型 	一种抗菌防螨纺藤席 	ZL201120314721.1 	2202501 							
45 	实用新型 	隔尿垫 	ZL201120251754.6 	2147757 							
46 	实用新型 	嵌角双面席 	ZL201120177116.4 	2103460 							
47 	实用新型 	一种台布 	ZL201020613197.3 	1914007 							
48 	实用新型 	一种芳香凉席 	ZL201020522069.8 	1915445 							
49 	实用新型 	生态型凉席 	ZL201020522055.6 	1918884 							
50 	实用新型 	银杏木竹席 	ZL201020522045.2 	1915144 							
51 	实用新型 	磁性罗布麻凉席 	ZL201020522024.0 	1851824 							
52 	实用新型 	柚木竹席 	ZL201020521995.3 	1783426 							
53 	实用新型 	一种凉席 	ZL201020534447.4 	1772820 							
54 	实用新型 	香椿木竹席 	ZL201020534524.6 	1774880 							
55 	实用新型 	一种檀香木竹凉席 	ZL201020534430.9 	1771750 							
56 	实用新型 	一种驱蚊凉席 	ZL201020534521.2 	1851347 							
57 	实用新型 	一种凉席 	ZL201020522081.9 	1768159 							
58 	实用新型 	一种凉席 	ZL201020522008.1 	1773514 							
59 	实用新型 	一种护颈透气枕 	ZL201020222470.X 	1728629 							
60 	实用新型 	一种定位护颈枕 	ZL201020222484.1 	1729258 							
61 	实用新型 	一种可调节高度护颈枕 	ZL201020222494.5 	1734735 							
62 	实用新型 	一种护颈枕 	ZL201020222517.2 	1736136 							
63 	实用新型 	一种磁疗凉席 	ZL201020032731.1 	1579202 							
64 	实用新型 	一种复皮革双面折叠竹凉席 	ZL200920070108.2 	1417212 							
65 	实用新型 	香樟木竹席 	ZL200820055686.4 	1150121 							
66 	实用新型 	一种玉米纤维毛绒面料制造的毛绒玩具 	ZL200720068592.6 	1058915 							
67 	外观设计 	冰丝凉席二件套（艾草幽香） 	ZL201530016025.6 	3319605 							
68 	外观设计 	仿藤凉席二件套（芳草青柠提花） 	ZL201530016138.3 	3319054 							
69 	外观设计 	冰丝凉席二件套（英伦玫瑰芳香） 	ZL201530016049.1 	3319609 							
70 	外观设计 	冰丝凉席二件套（清幽可水洗床单式） 	ZL201530016037.9 	3320522 							
71 	外观设计 	冰丝凉席二件套（花漾清泉） 	ZL201530016069.9 	3320280 							
72 	外观设计 	藤凉席二件套（夏日清风抗菌防螨提花） 	ZL201530016085.8 	3319366 							
73 	外观设计 	冰丝凉席二件套（沁心怡人） 	ZL201530016092.8 	3320082 							
74 	外观设计 	冰丝凉席二件套(普罗旺斯薰衣草) 	ZL201530016099.X 	3320317 							
75 	外观设计 	仿藤凉席二件套（艾茉莉芳香） 	ZL201530016121.0 	3319559 							
76 	外观设计 	冰丝凉席二件套(冰山雪莲) 	ZL201530016128.2 	3320776 							
77 	外观设计 	仿藤凉席二件套（爱丁堡抗菌防螨提花） 	ZL201530016163.4 	3319298 							
78 	外观设计 	冰丝凉席（旋转木马） 	ZL201530016189.9 	3320786 							
79 	外观设计 	冰丝凉席（星宝贝） 	ZL201530016207.3 	3319455 							
80 	外观设计 	竹席二件套（荷泽牡丹） 	ZL201530016206.9 	3319200 							
81 	外观设计 	冰丝凉席二件套（至臻蚕丝蛋白） 	ZL201530016234.0 	3320258 							
82 	外观设计 	藤凉席二件套（湖畔花香抗菌防螨提花） 	ZL201530016255.2 	3320731 							
83 	外观设计 	冰丝凉席(夏日海滩) 	ZL201530016256.7 	3320239 							
84 	外观设计 	冰丝凉席二件套（舒香可水洗	ZL201530022102.9 	3319331 							
											
85 	外观设计 										
86 	外观设计 										
87 	外观设计 										
88 	外观设计 										
89 	外观设计 										
90 	外观设计 										
91 	外观设计 										
92 	外观设计 										
93 	外观设计 										
94 	外观设计 										
95 	外观设计 										
96 	外观设计 										
97 	外观设计 										
98 	外观设计 										
99 	外观设计 										
100 	外观设计 										
101 	外观设计 										
102 	外观设计 										
103 	外观设计 										
104 	外观设计 										
105 	外观设计 										
											
106 	外观设计 	被套（时光旅程） 	ZL201130119253.8 	1719840 							
107 	外观设计 	被套（美人鱼） 	ZL201130119200.6 	1720227 							
108 	外观设计 	被套（幽澜心动） 	ZL201130119238.3 	1719790 							
109 	外观设计 	被套（梦想庄园） 	ZL201130119201.0 	1721132 							
110 	外观设计 	被套（梦昕香氛） 	ZL201130119260.8 	1722147 							
111 	外观设计 	被套（米兰畅想） 	ZL201130119280.5 	1719923 							
112 	外观设计 	被套（摩登） 	ZL201130119223.7 	1720193 							
113 	外观设计 	被套（普罗旺斯之旅） 	ZL201130119245.3 	1720893 							
114 	外观设计 	被套（时尚摩洛哥） 	ZL201130119194.4 	1722002 							
115 	外观设计 	被套（印象） 	ZL201130119230.7 	1722434 							
116 	外观设计 	被套（自由协奏曲） 	ZL201130119226.0 	1720797 							
117 	外观设计 	被套（衫国演义） 	ZL201130119202.5 	1722255 							
118 	外观设计 	被套（醉梦） 	ZL201130119206.3 	1720930 							
119 	外观设计 	被套（多元异彩） 	ZL201130119231.1 	1721856 							
120 	外观设计 	被套（森林） 	ZL201130119234.5 	1721716 							
121 	外观设计 	被套（心灵花园） 	ZL201130119246.8 	1720330 							
122 	外观设计 	被套（伊甸园的早晨） 	ZL201130119233.0 	1722225 							
123 	外观设计 	被套（意境） 	ZL201130119227.5 	1720659 							
124 	外观设计 	被套（缤纷花季） 	ZL201130119257.6 	1721565 							
125 	外观设计 	被套（穿梭） 	ZL201130119248.7 	1721616 							
126 	外观设计 	被套（春之物语） 	ZL201130119240.0 	1720791 							
127 	外观设计 	被套（迪洛萨） 	ZL201130119277.3 	1720755 							
128 	外观设计 	床上用品套件（霓裳奏鸣曲） 	ZL201030264031.0 	1489581 							
129 	外观设计 	床上用品套件（玫瑰梦婉） 	ZL201030264048.6 	1489710 							
130 	外观设计 	床上用品套件（甜心公主） 	ZL201030264066.4 	1490023 							
131 	外观设计 	床上用品套件（甜心） 	ZL201030264098.4 	1490084 							
132 	外观设计 	床上用品套件（堆雪人） 	ZL201030264080.4 	1492597 							
133 	外观设计 	床上用品套件（尚） 	ZL201030264077.2 	1490890 							
134 	外观设计 	靠垫 	ZL201030270190.1 	1457515 							
135 	外观设计 	床垫（宝宝绒） 	ZL201030258488.0 	1456784 							
136 	外观设计 	床垫（澳毛） 	ZL201030258481.9 	1459953 							
137 	外观设计 	床垫（羊毛软） 	ZL201030258535.1 	1461484 							
138 	外观设计 	床垫（蚕丝养生） 	ZL201030258519.2 	1459280 							
											
序号 	专利类别 	专利名称 	专利申请号 	证书号 	有效期 						
1 	外观设计 	被套（恬静） 	ZL 201230049726.6 	2021923 	2012.3.7- 2022.3.6 						
2 	外观设计 	被套（花间心事） 	ZL201230049729.X 	2030584 	2012.3.7- 2022.3.6 						
3 	外观设计 	被套（夏之俏） 	ZL 201230049730.2 	2022604 	2012.3.7- 2022.3.6 						
4 	外观设计 	被套（烟雨霏霏） 	ZL 201230049733.6 	2026110 	2012.3.7- 2022.3.6 						
5 	外观设计 	被套（紫郁悠香） 	ZL201230049736.X 	2030002 	2012.3.7- 2022.3.6 						
6 	外观设计 	床上用品套件（爱在阳光里） 	ZL 201230049920.4 	2029113 	2012.3.7- 2022.3.6 						
序号 	专利类别 	专利名称 	专利申请号 	证书号 	有效期 						
7 	外观设计 	被套（田纳西的春天） 	ZL 201230049936.5 	2025771 	2012.3.7- 2022.3.6 						
8 	外观设计 	被套（天籁芳香） 	ZL 201230049939.9 	2023504 	2012.3.7- 2022.3.6 						
9 	外观设计 	被套（清新雅意） 	ZL 201230049941.6 	2026794 	2012.3.7- 2022.3.6 						
10 	外观设计 	床上用品套件（蕾娜塔）   	ZL 201230049997.1 	2029875 	2012.3.7- 2022.3.6 						
11 	外观设计 	床上用品套件（别具一格）   	ZL 201230050000.4 	2029172 	2012.3.7- 2022.3.6 						
12 	外观设计 	床上用品套件（伦巴尔）   	ZL 201230050001.9 	2026949 	2012.3.7- 2022.3.6 						
13 	外观设计 	床上用品套件（布兰迪尔）   	ZL 201230050005.7 	2030639 	2012.3.7- 2022.3.6 						
14 	外观设计 	床上用品套件（花漾迷情）   	ZL 201230050007.6 	2024066 	2012.3.7- 2022.3.6 						
15 	外观设计 	床上用品套件（恋恋花草集） 	ZL 201230050008.0 	2026412 	2012.3.7- 2022.3.6 						
16 	外观设计 	床上用品套件（花影霓裳）   	ZL 201230050009.5 	2025315 	2012.3.7- 2022.3.6 						
17 	外观设计 	床上用品套件（繁花叶影）   	ZL 201230050010.8 	2029534 	2012.3.7- 2022.3.6 						
18 	外观设计 	床上用品套件（曼彻莱斯）   	ZL 201230050035.8 	2025243 	2012.3.7- 2022.3.6 						
19 	外观设计 	床上用品套件（蒙雅图序曲） 	ZL 201230050037.7 	2030318 	2012.3.7- 2022.3.6 						
20 	外观设计 	床上用品套件（幽兰密境）   	ZL 201230051459.6 	2029440 	2012.3.8- 2022.3.7 						
21 	外观设计 	床上用品套件（圆舞曲之恋） 	ZL 201230051462.8 	2027293 	2012.3.8- 2022.3.7 						
22 	外观设计 	床上用品套件（芝澜芬芳）   	ZL 201230051463.2 	2027043 	2012.3.8- 2022.3.7 						
23 	外观设计 	床上用品套件（挚爱一生）   	ZL 201230051464.7 	2030803 	2012.3.8- 2022.3.7 						
24 	外观设计 	床上用品套件（紫郁悠香）   	ZL 201230051465.1 	2028716 	2012.3.8- 2022.3.7 						
25 	外观设计 	床上用品套件（清韵花语）   	ZL 201230052345.3 	2025675 	2012.3.9- 2022.3.8 						
26 	外观设计 	床上用品套件（田纳西的春天） 	ZL 201230052347.2 	2024205 	2012.3.9- 2022.3.8 						
27 	外观设计 	床上用品套件（薇薇安）   	ZL 201230052348.7 	2029230 	2012.3.9- 2022.3.8 						
序号 	专利类别 	专利名称 	专利申请号 	证书号 	有效期 						
28 	外观设计 	床上用品套件（溯源印象）   	ZL 201230052349.1 	2029630 	2012.3.9- 2022.3.8 						
29 	外观设计 	床上用品套件（相约巴黎）   	ZL 201230052350.4 	2022609 	2012.3.9- 2022.3.8 						
30 	外观设计 	床上用品套件（异彩风情）   	ZL 201230052359.5 	2024094 	2012.3.9- 2022.3.8 						
31 	外观设计 	床上用品套件（馨香花影）   	ZL 201230052360.8 	2028047 	2012.3.9- 2022.3.8 						
32 	外观设计 	床上用品套件（香榭梦境）   	ZL 201230052361.2 	2022393 	2012.3.9- 2022.3.8 						
33 	外观设计 	床上用品套件（朦胧花影）   	ZL 201230052524.7 	2029479 	2012.3.9- 2022.3.8 						
34 	外观设计 	床上用品套件（美丽传说）   	ZL 201230052527.0 	2029516 	2012.3.9- 2022.3.8 						
35 	外观设计 	床上用品套件（迷醉花影）   	ZL 201230052541.0 	2028424 	2012.3.9- 2022.3.8 						
36 	外观设计 	床上用品套件（玫瑰盛宴）   	ZL 201230052548.2 	2022858 	2012.3.9- 2022.3.8 						
37 	外观设计 	床上用品套件（维尼之恋）   	ZL 201230052344.9 	2110959 	2012.3.9- 2022.3.8 						
											
序号 	作品名称 	作品名称 	登记号 	登记日期 	著作权人 	登记机关 					
1 	奔放旋律 	奔放旋律 	09-2009-F-1189 	2009.10.09 	发行人 	上海市版权局 					
2 	都市摩卡 	都市摩卡 	09-2009-F-1190 	2009.10.09 	发行人 	上海市版权局 					
3 	恒久之约 	恒久之约 	09-2009-F-1191 	2009.10.09 	发行人 	上海市版权局 					
4 	花韵斑斓 	花韵斑斓 	09-2009-F1192 	2009.10.09 	发行人 	上海市版权局 					
5 	简时尚 	简时尚 	09-2009-F-1193 	2009.10.09 	发行人 	上海市版权局 					
6 	玛格利特 	玛格利特 	09-2009-F-1194 	2009.10.09 	发行人 	上海市版权局 					
7 	苏菲花园 	苏菲花园 	09-2009-F-1195 	2009.10.09 	发行人 	上海市版权局 					
8 	说爱你 	说爱你 	09-2009-F-1196 	2009.10.09 	发行人 	上海市版权					
序号 	作品名称 	作品名称 	登记号 	登记日期 	著作权人 	登记机关 					
局 											
上海市版权局 											
上海市版权局 											
上海市版权局 											
上海市版权局 											
上海市版权局 											
上海市版权局 											
上海市版权局 											
上海市版权局 											
上海市版权局 											
上海市版权局 											
上海市版权局 											
上海市版权局 											
上海市版权局 											
上海市版权局 											
上海市版权局 											
上海市版权局 											
上海市版权局 											
上海市版权局 											
上海市版权局 											
上海市版权局 											
序号 	作品名称 	作品名称 	登记号 	登记日期 	著作权人 	登记机关 					
29 	印象 	印象 	09-2011-F-2134 	2011.12.21 	发行人 	上海市版权局 					
30 	摩登 	摩登 	09-2011-F-2135 	2011.12.21 	发行人 	上海市版权局 					
31 	心灵花园 	心灵花园 	09-2011-F-2114 	2011.12.21 	发行人 	上海市版权局 					
32 	雷诺瓦 	雷诺瓦 	09-2011-F-2128 	2011.12.21 	发行人 	上海市版权局 					
33 	疯狂的赛车 	疯狂的赛车 	09-2011-F-2129 	2011.12.21 	发行人 	上海市版权局 					
34 	曼迪尼童话 	曼迪尼童话 	09-2011-F-2127 	2011.12.21 	发行人 	上海市版权局 					
35 	月清幽 	月清幽 	09-2011-F-2133 	2011.12.21 	发行人 	上海市版权局 					
36 	繁华邂逅 	繁华邂逅 	09-2011-F-2126 	2011.12.21 	发行人 	上海市版权局 					
37 	新梦花都 	新梦花都 	09-2011-F-2124 	2011.12.21 	发行人 	上海市版权局 					
38 	繁花叶影 	繁花叶影 	09-2011-F-2107 	2011.12.21 	发行人 	上海市版权局 					
39 	花漾迷情 	花漾迷情 	09-2011-F-2122 	2011.12.21 	发行人 	上海市版权局 					
40 	迷醉花影 	迷醉花影 	09-2011-F-2108 	2011.12.21 	发行人 	上海市版权局 					
41 	青韵 	青韵 	09-2011-F-2121 	2011.12.21 	发行人 	上海市版权局 					
42 	蒙罗维亚 	蒙罗维亚 	09-2011-F-2111 	2011.12.21 	发行人 	上海市版权局 					
43 	爱恋布拉格 	爱恋布拉格 	09-2011-F-2123 	2011.12.21 	发行人 	上海市版权局 					
44 	甜蜜生活 	甜蜜生活 	09-2011-F-2112 	2011.12.21 	发行人 	上海市版权局 					
45 	梦妮娜 	梦妮娜 	09-2011-F-2115 	2011.12.21 	发行人 	上海市版权局 					
46 	清韵花语 	清韵花语 	09-2011-F-2132 	2011.12.21 	发行人 	上海市版权局 					
47 	幽兰秘境 	幽兰秘境 	09-2011-F-2130 	2011.12.21 	发行人 	上海市版权局 					
48 	恋恋花草集 	恋恋花草集 	09-2011-F-2119 	2011.12.21 	发行人 	上海市版权局 					
49 	田纳西的春天 	田纳西的春天 	09-2011-F-2131 	2011.12.21 	发行人 	上海市版权					
序号 	作品名称 	作品名称 	登记号 	登记日期 	著作权人 	登记机关 					
局 											
上海市版权局 											
上海市版权局 											
上海市版权局 											
上海市版权局 											
上海市版权局 											
上海市版权局 											
上海市版权局 											
上海市版权局 											
上海市版权局 											
上海市版权局 											
上海市版权局 											
上海市版权局 											
上海市版权局 											
上海市版权局 											
上海市版权局 											
上海市版权局 											
上海市版权局 											
上海市版权局 											
上海市版权局 											
上海市版权局 											
序号 	作品名称 	作品名称 	登记号 	登记日期 	著作权人 	登记机关 					
70 	雅典娜系列（一）（二） 	雅典娜系列（一）（二） 	09-2004-F-422 	2004.7.29 	发行人 	上海市版权局 					
71 	欧陆风情系列（一）（二） 	欧陆风情系列（一）（二） 	09-2004-F-423 	2004.7.29 	发行人 	上海市版权局 					
72 	豪门华彩 	豪门华彩 	09-2004-F-424 	2004.7.29 	发行人 	上海市版权局 					
73 	醉爱 	醉爱 	10T-2006-F-1850 	2006.8.15 	发行人 	江苏省版权局 					
74 	紫韵天姿 	紫韵天姿 	10T-2006-F-1851 	2006.8.15 	发行人 	江苏省版权局 					
75 	亲密爱人 	亲密爱人 	10T-2006-F-1852 	2006.8.15 	发行人 	江苏省版权局 					
76 	玫瑰新娘 	玫瑰新娘 	10T-2006-F-1853 	2006.8.15 	发行人 	江苏省版权局 					
77 	依恋 	依恋 	10T-2006-F-1854 	2006.8.15 	发行人 	江苏省版权局 					
78 	芬芳迷情 	芬芳迷情 	10T-2006-F-1855 	2006.8.15 	发行人 	江苏省版权局 					
79 	灌篮高手 	灌篮高手 	10T-2006-F-1856 	2006.8.15 	发行人 	江苏省版权局 					
80 	一朵云 	一朵云 	10T-2006-F-1857 	2006.8.15 	发行人 	江苏省版权局 					
81 	木偶总动员 	木偶总动员 	10T-2006-F-1858 	2006.8.15 	发行人 	江苏省版权局 					
82 	经典之约 	经典之约 	10T-2006-F-1859 	2006.8.15 	发行人 	江苏省版权局 					
83 	动感地带 	动感地带 	10T-2006-F-1860 	2006.8.15 	发行人 	江苏省版权局 					
84 	爱情海 	爱情海 	10T-2006-F-1861 	2006.8.15 	发行人 	江苏省版权局 					
85 	情思叶语 	情思叶语 	10T-2006-F-1862 	2006.8.15 	发行人 	江苏省版权局 					
86 	新贵风范 	新贵风范 	10T-2006-F-1863 	2006.8.15 	发行人 	江苏省版权局 					
87 	皇室 	皇室 	10T-2006-F-1935 	2006.8.24 	发行人 	江苏省版权局 					
88 	婉情丝影 	婉情丝影 	10T-2006-F-1972 	2006.8.24 	发行人 	江苏省版权局 					
89 	万千风情 	万千风情 	10T-2006-F-1973 	2006.8.24 	发行人 	江苏省版权局 					
序号 	作品名称 	作品名称 	登记号 	登记日期 	著作权人 	登记机关 					
90 	悠然 	悠然 	10T-2007-F-2401 	2007.8.30 	发行人 	江苏省版权局 					
91 	图门 	图门 	10T-2007-F-2402 	2007.8.30 	发行人 	江苏省版权局 					
92 	皇室风范 	皇室风范 	10T-2007-F-2403 	2007.8.30 	发行人 	江苏省版权局 					
93 	幸福浪潮 	幸福浪潮 	10T-2007-F-2404 	2007.8.30 	发行人 	江苏省版权局 					
94 	花之林 	花之林 	10T-2007-F-2405 	2007.8.30 	发行人 	江苏省版权局 					
95 	雀枝牡丹 	雀枝牡丹 	10T-2007-F-2406 	2007.8.30 	发行人 	江苏省版权局 					
96 	躲猫猫 	躲猫猫 	10T-2007-F-2407 	2007.8.30 	发行人 	江苏省版权局 					
97 	时尚先锋 	时尚先锋 	10T-2007-F-2408 	2007.8.30 	发行人 	江苏省版权局 					
98 	运动一族 	运动一族 	10T-2007-F-2409 	2007.8.30 	发行人 	江苏省版权局 					
99 	一生缘 	一生缘 	10T-2007-F-2410 	2007.8.30 	发行人 	江苏省版权局 					
100 	浓荫孚日 	浓荫孚日 	10T-2007-F-2411 	2007.8.30 	发行人 	江苏省版权局 					
101 	挪威森林 	挪威森林 	10T-2007-F-2412 	2007.8.30 	发行人 	江苏省版权局 					
102 	繁花季节 	繁花季节 	10T-2007-F-2413 	2007.8.30 	发行人 	江苏省版权局 					
103 	桑巴舞系列（一）、（二） 	桑巴舞系列（一）、（二） 	09-2004-F-421 	2004.7.29 	百丽丝 	上海市版权局 					
104 	维尼之恋-1 	维尼之恋-1 	沪作登字 -2012-F-00000324 	2012.3.14 	百丽丝 	上海市版权局 					
105 	维尼之恋-2 	维尼之恋-2 	沪作登字 -2012-F-00000294 	2012.3.14 	百丽丝 	上海市版权局 					
106 	布兰迪尔（被套） 	布兰迪尔（被套） 	沪作登字 -2012-F-00000292 	2012.3.14 	百丽丝 	上海市版权局 					
107 	布兰迪尔（床盖） 	布兰迪尔（床盖） 	沪作登字 -2012-F-00000317 	2012.3.14 	百丽丝 	上海市版权局 					
108 	布兰迪尔（床单） 	布兰迪尔（床单） 	沪作登字 -2012-F-00000318 	2012.3.14 	百丽丝 	上海市版权局 					
109 	布兰迪尔（中枕） 	布兰迪尔（中枕） 	沪作登字 -2012-F-00000319 	2012.3.14 	百丽丝 	上海市版权局 					
110 	布兰迪尔（小中枕） 	布兰迪尔（小中枕） 	沪作登字 	2012.3.14 	百丽丝 	上海市版权					
序号 	作品名称 	作品名称 	登记号 	登记日期 	著作权人 	登记机关 					
-2012-F-00000311 	局 										
沪作登字 -2012-F-00000320 	2012.3.14 	百丽丝 	上海市版权局 								
沪作登字 -2012-F-00000321 	2012.3.14 	百丽丝 	上海市版权局 								
沪作登字 -2012-F-00000295 	2012.3.14 	百丽丝 	上海市版权局 								
沪作登字 -2012-F-00000296 	2012.3.14 	百丽丝 	上海市版权局 								
沪作登字 -2012-F-00000297 	2012.3.14 	百丽丝 	上海市版权局 								
沪作登字 -2012-F-00000325 	2012.3.14 	百丽丝 	上海市版权局 								
沪作登字 -2012-F-00000314 	2012.3.14 	百丽丝 	上海市版权局 								
沪作登字 -2012-F-00000306 	2012.3.14 	百丽丝 	上海市版权局 								
沪作登字 -2012-F-00000305 	2012.3.14 	百丽丝 	上海市版权局 								
沪作登字 -2012-F-00000307 	2012.3.14 	百丽丝 	上海市版权局 								
沪作登字 -2012-F-00000315 	2012.3.14 	百丽丝 	上海市版权局 								
沪作登字 -2012-F-00000326 	2012.3.14 	百丽丝 	上海市版权局 								
沪作登字 -2012-F-00000288 	2012.3.14 	百丽丝 	上海市版权局 								
沪作登字 -2012-F-00000312 	2012.3.14 	百丽丝 	上海市版权局 								
沪作登字 -2012-F-00000313 	2012.3.14 	百丽丝 	上海市版权局 								
沪作登字 -2012-F-00000271 	2012.3.14 	百丽丝 	上海市版权局 								
沪作登字 -2012-F-00000272 	2012.3.14 	百丽丝 	上海市版权局 								
沪作登字 -2012-F-00000273 	2012.3.14 	百丽丝 	上海市版权局 								
沪作登字 -2012-F-00000293 	2012.3.14 	百丽丝 	上海市版权局 								
沪作登字 -2012-F-00000298 	2012.3.14 	百丽丝 	上海市版权局 								
序号 	作品名称 	作品名称 	登记号 	登记日期 	著作权人 	登记机关 					
131 	挚爱一生（被套） 	挚爱一生（被套） 	沪作登字 -2012-F-00000316 	2012.3.14 	百丽丝 	上海市版权局 					
132 	薇薇安-2 	薇薇安-2 	沪作登字 -2012-F-00000302 	2012.3.14 	百丽丝 	上海市版权局 					
133 	薇薇安-1 	薇薇安-1 	沪作登字 -2012-F-00000322 	2012.3.14 	百丽丝 	上海市版权局 					
134 	溯源印象-1 	溯源印象-1 	沪作登字 -2012-F-00000291 	2012.3.14 	百丽丝 	上海市版权局 					
135 	溯源印象-2 	溯源印象-2 	沪作登字 -2012-F-00000301 	2012.3.14 	百丽丝 	上海市版权局 					
136 	朦胧花影（床单） 	朦胧花影（床单） 	沪作登字 -2012-F-00000309 	2012.3.14 	百丽丝 	上海市版权局 					
137 	朦胧花影（床盖） 	朦胧花影（床盖） 	沪作登字 -2012-F-00000308 	2012.3.14 	百丽丝 	上海市版权局 					
138 	朦胧花影（被套） 	朦胧花影（被套） 	沪作登字 -2012-F-00000327 	2012.3.14 	百丽丝 	上海市版权局 					
139 	朦胧花影（中枕） 	朦胧花影（中枕） 	沪作登字 -2012-F-00000310 	2012.3.14 	百丽丝 	上海市版权局 					
140 	朦胧花影（靠垫） 	朦胧花影（靠垫） 	沪作登字 -2012-F-00000299 	2012.3.14 	百丽丝 	上海市版权局 					
141 	朦胧花影（小中枕） 	朦胧花影（小中枕） 	沪作登字 -2012-F-00000300 	2012.3.14 	百丽丝 	上海市版权局 					
142 	异彩风情（床单） 	异彩风情（床单） 	沪作登字 -2012-F-00000303 	2012.3.14 	百丽丝 	上海市版权局 					
143 	异彩风情（被套） 	异彩风情（被套） 	沪作登字 -2012-F-00000323 	2012.3.14 	百丽丝 	上海市版权局 					
144 	异彩风情（中枕） 	异彩风情（中枕） 	沪作登字 -2012-F-00000304 	2012.3.14 	百丽丝 	上海市版权局 					
145 	水星专卖店玫瑰金门头形象 	水星专卖店玫瑰金门头形象 	沪作登字-2016-F-00597184 	2016.4.19 	发行人 	上海市版权局 					
146 	桑巴舞曲 	桑巴舞曲 	2016-F-00712672 	2016.10.19 	发行人 	上海市版权局 					
147 	埃米尔 	埃米尔 	2017-F-00785605 	2017.2.15 	发行人 	上海市版权局 					
148 	柏宜斯 	柏宜斯 	2017-F-00785648 	2017.2.15 	发行人 	上海市版权局 					
149 	别居宜格 	别居宜格 	2017-F-00785654 	2017.2.15 	发行人 	上海市版权局 					
150 	朝阳公主 	朝阳公主 	2017-F-00785604 	2017.2.15 	发行人 	上海市版权局 					
151 	初夏之音 	初夏之音 	2017-F-00785651 	2017.2.15 	发行人 	上海市版权					
序号 	作品名称 	作品名称 	登记号 	登记日期 	著作权人 	登记机关 					
局 											
上海市版权局 											
上海市版权局 											
上海市版权局 											
上海市版权局 											
上海市版权局 											
上海市版权局 											
上海市版权局 											
上海市版权局 											
上海市版权局 											
上海市版权局 											
上海市版权局 											
上海市版权局 											
上海市版权局 											
上海市版权局 											
上海市版权局 											
上海市版权局 											
上海市版权局 											
上海市版权局 											
上海市版权局 											
上海市版权局 											
序号 	作品名称 	作品名称 	登记号 	登记日期 	著作权人 	登记机关 					
172 	觅春 	觅春 	2017-F-00785607 	2017.2.15 	发行人 	上海市版权局 					
173 	魔法礼物 	魔法礼物 	2017-F-00785593 	2017.2.15 	发行人 	上海市版权局 					
174 	霓裳若梦 	霓裳若梦 	2017-F-00785583 	2017.2.15 	发行人 	上海市版权局 					
175 	奇幻森林 	奇幻森林 	2017-F-00785586 	2017.2.15 	发行人 	上海市版权局 					
176 	汽车俱乐部 	汽车俱乐部 	2017-F-00785606 	2017.2.15 	发行人 	上海市版权局 					
177 	浅韵吟唱 	浅韵吟唱 	2017-F-00785588 	2017.2.15 	发行人 	上海市版权局 					
178 	轻风雅苑 	轻风雅苑 	2017-F-00785585 	2017.2.15 	发行人 	上海市版权局 					
179 	清香韵律 	清香韵律 	2017-F-00785590 	2017.2.15 	发行人 	上海市版权局 					
180 	清雅如歌 	清雅如歌 	2017-F-00785600 	2017.2.15 	发行人 	上海市版权局 					
181 	清逸琼苑 	清逸琼苑 	2017-F-00785598 	2017.2.15 	发行人 	上海市版权局 					
182 	清莹似翼 	清莹似翼 	2017-F-00785646 	2017.2.15 	发行人 	上海市版权局 					
183 	水晶之夏 	水晶之夏 	2017-F-00785595 	2017.2.15 	发行人 	上海市版权局 					
184 	素玉花开 	素玉花开 	2017-F-00785641 	2017.2.15 	发行人 	上海市版权局 					
185 	威尼斯花园 	威尼斯花园 	2017-F-00785589 	2017.2.15 	发行人 	上海市版权局 					
186 	小飞行家 	小飞行家 	2017-F-00785601 	2017.2.15 	发行人 	上海市版权局 					
187 	心随花开 	心随花开 	2017-F-00785596 	2017.2.15 	发行人 	上海市版权局 					
188 	旖旎花语 	旖旎花语 	2017-F-00785653 	2017.2.15 	发行人 	上海市版权局 					
189 	益智淘 	益智淘 	2017-F-00785608 	2017.2.15 	发行人 	上海市版权局 					
190 	仲夏之蓝 	仲夏之蓝 	2017-F-00785582 	2017.2.15 	发行人 	上海市版权局 					
191 	紫藤物语 	紫藤物语 	2017-F-00785597 	2017.2.15 	发行人 	上海市版权局 					
											
9 	怀旧格调 	09-2009-F-1197 	2009.10.09 	发行人 							
10 	神奈之旅 	09-2009-F-1198 	2009.10.09 	发行人 							
11 	都市驿站 	09-2009-F-1199 	2009.10.09 	发行人 							
12 	至臻风尚 	09-2009-F-1200 	2009.10.09 	发行人 							
13 	好多鱼 	09-2009-F-1201 	2009.10.09 	发行人 							
14 	戛纳印象 	09-2009-F-1202 	2009.10.09 	发行人 							
15 	奥斯菲 	09-2009-F-1203 	2009.10.09 	发行人 							
16 	春日布兰姆 	09-2009-F-1204 	2009.10.09 	发行人 							
17 	真爱至尚 	09-2009-F-1205 	2009.10.09 	发行人 							
18 	极至人生 	09-2009-F-1206 	2009.10.09 	发行人 							
19 	左岸迷香 	09-2009-F-1207 	2009.10.09 	发行人 							
20 	布鲁尔风情 	09-2009-F-1208 	2009.10.09 	发行人 							
21 	香榭风情 	09-2009-F-1209 	2009.10.09 	发行人 							
22 	数码时代 	09-2009-F-1210 	2009.10.09 	发行人 							
23 	阳光之星 	09-2009-F-1212 	2009.10.09 	发行人 							
24 	花园精灵 	09-2009-F-1213 	2009.10.09 	发行人 							
25 	穿梭 	09-2011-F-2117 	2011.12.21 	发行人 							
26 	春之物语 	09-2011-F-2118 	2011.12.21 	发行人 							
27 	梦幻 	09-2011-F-2120 	2011.12.21 	发行人 							
28 	意境 	09-2011-F-2110 	2011.12.21 	发行人 							
											
50 	美丽传说 	09-2011-F-2109 	2011.12.21 	发行人 							
51 	紫郁幽香 	09-2011-F-2136 	2011.12.21 	发行人 							
52 	花影霓裳 	09-2011-F-2125 	2011.12.21 	发行人 							
53 	馨香花影 	09-2011-F-2113 	2011.12.21 	发行人 							
54 	芝澜芬芳 	09-2011-F-2116 	2011.12.21 	发行人 							
55 	丝光魅影 	沪作登字-2012-F-00000010 	2012.1.4 	发行人 							
56 	奥黛丽 	沪作登字-2012-F-00000009 	2012.1.5 	发行人 							
57 	缤纷花季 	沪作登字-2012-F-00000008 	2012.1.5 	发行人 							
58 	非凡 	沪作登字-2012-F-00000007 	2012.1.5 	发行人 							
59 	概念 	沪作登字-2012-F-00000006 	2012.1.5 	发行人 							
60 	美人鱼 	沪作登字-2012-F-00000005 	2012.1.5 	发行人 							
61 	米兰畅想 	沪作登字-2012-F-00000004 	2012.1.5 	发行人 							
62 	森格 	沪作登字-2012-F-00000003 	2012.1.4 	发行人 							
63 	时光旅程 	沪作登字-2012-F-00000002 	2012.1.4 	发行人 							
64 	时尚摩纳哥 	沪作登字-2012-F-00000001 	2012.1.5 	发行人 							
65 	简约欧韵 	沪作登字-2012-F-00009792 	2012.5.28 	发行人 							
66 	水波纹 	沪作登字-2014-F-00200002 	2014.6.11 	发行人 							
67 	保暖被标示图 	沪作登字-2014-F-00273182 	2014.10.9 	发行人 							
68 	负离子被标示图 	沪作登字-2014-F-00273181 	2014.10.9 	发行人 							
69 	大漠情怀 	09-2004-F-420 	2004.7.29 	发行人 							
											
111 	布兰迪尔（信封枕） 										
112 	布兰迪尔（靠垫） 										
113 	圆舞曲之恋（床单） 										
114 	圆舞曲之恋（中枕） 										
115 	圆舞曲之恋（靠垫） 										
116 	圆舞曲之恋（被套） 										
117 	玫瑰盛宴（床盖） 										
118 	玫瑰盛宴（信封枕） 										
119 	玫瑰盛宴（中枕） 										
120 	玫瑰盛宴（靠垫） 										
121 	玫瑰盛宴（床单） 										
122 	玫瑰盛宴（被套） 										
123 	曼彻莱斯（被套） 										
124 	曼彻莱斯（床单） 										
125 	曼彻莱斯（中枕） 										
126 	挚爱一生（小中枕） 										
127 	挚爱一生（靠垫） 										
128 	挚爱一生（中枕） 										
129 	挚爱一生（床单） 										
130 	挚爱一生（床盖） 										
											
152 	淡雅若诗 	2017-F-00785644 	2017.2.15 	发行人 							
153 	迪玛利亚 	2017-F-00785652 	2017.2.15 	发行人 							
154 	点型 	2017-F-00785578 	2017.2.15 	发行人 							
155 	海洋之歌 	2017-F-00785599 	2017.2.15 	发行人 							
156 	海洋之星 	2017-F-00785643 	2017.2.15 	发行人 							
157 	蝴蝶纷飞 	2017-F-00785581 	2017.2.15 	发行人 							
158 	蝴蝶精灵 	2017-F-00785647 	2017.2.15 	发行人 							
159 	花妍弦音 	2017-F-00785645 	2017.2.15 	发行人 							
160 	花影菲语 	2017-F-00785642 	2017.2.15 	发行人 							
161 	花月晨曦 	2017-F-00785591 	2017.2.15 	发行人 							
162 	花韵凝香 	2017-F-00785587 	2017.2.15 	发行人 							
163 	卡洛斯蒂 	2017-F-00785602 	2017.2.15 	发行人 							
164 	克诺斯 	2017-F-00785592 	2017.2.15 	发行人 							
165 	快乐涂鸦 	2017-F-00785579 	2017.2.15 	发行人 							
166 	莱克斯 	2017-F-00785649 	2017.2.15 	发行人 							
167 	里尼月光 	2017-F-00785603 	2017.2.15 	发行人 							
168 	卢卡斯 	2017-F-00785650 	2017.2.15 	发行人 							
169 	绿野仙境 	2017-F-00785584 	2017.2.15 	发行人 							
170 	漫歌漫舞 	2017-F-00785580 	2017.2.15 	发行人 							
171 	萌宠飞翔 	2017-F-00785594 	2017.2.15 	发行人 							
											
序号 	产品/项目名称 	研发目的及意义 	技术要点/难点 	时间计划 	目前所处阶段 						
1 	纯棉面料仿丝光棉凉感整理技术开发 	通过功能整理技术攻关，获得一款效果达到丝光棉的手感，但是成本远远低于丝光棉的面料产品。 	解决凉感和光滑效果并存，而且耐洗性达到 10 次以上 	2017.1- 2018.12 	小试 						
2 	化纤被防钻绒工艺技术攻关 	解决被芯钻绒问题，可以减少退换货，提升消费者的体验，塑造好的品牌形象。 	面料和芯材的融合恰到好处地防止钻绒 	2017.2- 2018.12 	小试 						
3 	粘胶基硅藻土纤维功能性家纺面料的开发及应用 	开发一款特殊功能的材料和面料，增加产品的卖点，增强产品的健康和卫生效果。 	 适合粘胶纺丝的硅藻土粉体的研磨及纺丝工艺技术 	2017.2- 2018.12 	小试 						
4 	磨绒超柔保暖竹纤维面料及家纺产品的开发 	竹纤维材料环保健康，但是手感较凉，通过特殊工艺技术解决凉感问题，使之更适合于秋冬季使用。 	寻找到合适的不同材料组合及纺织技术 	2017.2- 2018.12 	小试 						
5 	醋青纤维家	首次将醋青纤维用于家纺	解决染色和印花问	2017.2- 	小试 						
序号 	产品/项目名称 	研发目的及意义 	技术要点/难点 	时间计划 	目前所处阶段 						
纺面料的开发及应用 	面料上，功能性好，成本低，市场前景广阔。 	题 	2018.12 								
艾草纤维家纺面料的开发及应用 	艾草纤维环保、健康、舒适，功能性强，首次做成家纺面料迎合市场消费需求。 	 和什么样的材料配合及配比问题 	2017.2- 2018.12 	小试 							
柔洁纺纱线家纺产品的开发 	柔洁纺纱线强度较高、毛羽少、表面光洁、纱线柔软质量好，用于生产柔软舒适的家纺产品，满足人们对家纺产品高品质的要求。 	 纺纱技术，提高纱线光洁度,提高产品抗起毛起球性、耐磨性 	2017.1- 2017.12 	小试 							
丝羊绒走锭纺纱线家纺产品的开发 	半精纺是一种介于精纺和粗纺之间的纺纱方式。半精纺纱线色泽均匀，表面光洁，手感蓬松、柔软，满足了人们对多种纤维混纺及利用短纤维纺高支纱的需求。丝和羊绒混纺产品，不仅保留了羊绒应有的柔软、高档本质，又克服了羊绒产品易缩水、易皱等缺点。丝羊绒产品柔软度高、保暖性强、吸湿透气、质地华丽。 	 棉纺设备和毛纺设备及不同工艺的有机结合使用 	2017.1- 2017.12 	小试 							
纯棉自捻纺纱线家纺产品的开发 	自捻纺与其他新型纺纱相比，也在工艺流程中取消了粗纱及络筒工序，实现了纺纱工艺的短流程，同时有卷装大，用人少等优点。另外它还有低速高产的特点，在社会竞争如此激烈的今天，它大大降低了生产成本和能耗。 	 加捻与卷绕工艺 	2017.1- 2017.12 	小试 							
结子线在家纺面料中的应用 	结子线在花式纱线中是一大类产品，结子线家纺面料和室内其它家居产品协调搭配，可以做到和谐美观大方的要求。 	 纱线的制备技术 	2017.1- 2017.12 	小试 							
嵌入式纺纱技术在家纺中的应用 	将嵌入式纺纱技术用于汉麻纤维产品的开发，降低了纺纱号数，改善了产品质量，丰富了汉麻类纤维混纺纱种类和规格，较好地满足了家纺产品的需要，拓宽了汉麻纤维的市场发展空间，取得较好的经济效益。 	 纱线的制备技术 	2017.1- 2017.12 	小试 							
面料雕花工艺在家纺产品中的应用 	面料再造中的雕花工艺，使家纺面料细节丰富，增加空间感和层次感，符合消费者	 后处理工艺 	2017.1- 2017.12 	小试 							
序号 	产品/项目名称 	研发目的及意义 	技术要点/难点 	时间计划 	目前所处阶段 						
的心理。为家纺事业的发展带来新的生命力。 											
泡泡纱面料本身具有波浪状结构，不仅在使用时具有通风排汗作用，还使面料具有立体感。搭配小提花纹样，使床品别具一番趣味。 	 纱线的制备技术 	2017.1- 2017.12 	小试 								
将两者市场接受度都很高的天然纤维有机组合，优势互补，形成的产品舒适度、保暖性都非常好。 	 组合缝制技术 	2017.1- 2017.12 	小试 								
双面提花加印花新技术的研发可以形成独特的新概念新形态产品，创造新的市场需求。 	一体成型织造技术 	2017.1- 2017.12 	小试 								
颈椎护理产品的开发具有很大的市场前景，特别是何枕头这类家纺产品结合将增加枕头的功能性。 	智能系统的研发和置入 	2017.1- 2017.12 	前期 研究 								
通过开发中药类的功能助剂并应用于床品，提升床品附加值。 	原材料有效成分的提取和微胶囊的制备 	2016.1- 2017.11 	中试 								
通过开发中药类的功能助剂并应用于床品，提升床品附加值。 	原材料有效成分的提取和微胶囊的制备 	2016.1- 2017.11 	中试 								
牛角瓜纤维是一种新型天然纤维，中空率大，保暖性好。开发这类纤维套件产品可以满足市场对于健康环保的品质生活需求。 	采用摩擦纺纺制一种皮芯结构的纱线,使得牛角瓜纤维的中空率得到保持 	2016.1- 2017.12 	中试 								
根据莲纤维的特殊性质，将其与适当的运用在家纺产品的生产中，开发出保健功能性家纺面料,促进家纺面料的多元化。同时还满足了人们崇尚自然,追求舒适和保健的需求。   	莲纤维的制备及其与棉的混纺 	2016.1- 2017.12 	中试 								
 火山灰纤维具有吸湿透气、抑菌防臭、防紫外线多种功能，应用于套件产品具有较好的市场价值。 	纤维制备与纺纱工艺优化 	2016.1- 2017.12 	中试 								
夜光刺绣用在各类床上用品上，可以引起儿童的好奇心，并且在黑暗状态下，可	 纤维制备与纺纱工艺优化 	2016.1- 2017.12 	中试 								
序号 	产品/项目名称 	研发目的及意义 	技术要点/难点 	时间计划 	目前所处阶段 						
品中的应用 	以调节儿童因为黑暗而不能入睡的情况。 										
											
6 											
7 											
8 											
9 											
10 											
11 											
12 											
											
13 	泡泡纱面料在家纺设计中的应用 										
14 	多功能羽绒蚕丝蛋白质纤维复合被的组合设计 										
15 	一种多用途双面提花加印花家纺面料的开发 										
16 	一种智能调温护颈保健枕的开发 										
17 	翼首草中药微胶囊的制备及家纺产品开发 										
18 	莲子心提取物微胶囊的制备及应用研究 										
19 	牛角瓜纤维家纺产品的开发 										
20 	莲纤维家纺产品的开发 										
21 	火山灰纤维家纺产品的开发 										
22 	蓄光纤维在儿童家纺产										
											
序号 	名称 	产品主要特点 	开发难点与要点 	时间计划 	目前所处阶段 						
1 	尊享生活系列 	本产品属于具有高贵感的真丝系列产品，既有真丝的高贵色泽，也满足床品使用持久、不易缩水等各项要求。面料的骨感与装饰效果，面料厚度的改变，是这个阶段真丝的开发方向。 	真丝的组织密度与花型代表着行业的最高标准，每款新品都需具有行业的领先地位。 多种纤维组合，是面料的特色。 	2017.3- 2017.10 	制订下季度新品计划与落实 						
2 	婚庆套件 	本产品花型多元化，既满足传统的客户需求，又需新的元素体现。中西合璧，为产品市场的特色。 	婚庆为特定产品，花型设计与面料选择具有创新性与婚庆特性。 下一季的婚庆新品强调典型特征，题材不重复，面料的提升与变化。 	2017.3- 2017.10 	分批落实与推出 						
3 	橱窗花型 	本产品选择合适的面料与独创的花型，是公司品牌当季流行风格的代表体现。 	橱窗概念与面料开发结合。 每季节流行风潮的聚集点。 	2017.3- 2017.10 	分批落实与推出 						
4 	高密多纬全涤色织大提花 	本产品具有逼真的层次，体现所设计产品的奢华风格与顶尖写实风格。 	主要工艺难点为高度写真的花型效果与多纬提花的结合，采用国际领先的工艺水准。结合了真丝的关注与悬垂，奢华与浪漫的气息，经典的表达。 	2015.8- 2017.6 	落实阶段 						
5 	色纺纱面料与印花 	作为高端客户典型产品的设计，色纺纱面料具有金属般质感，并与现代装饰花型印花结合，产品具有前端的设计风格。 	涉及应用色纺纱结消隐来保持面料底色的一致性、金属色浆、特种印染等工艺的处理。 	2016.5- 2017.4 	落实阶段 						
6 	青年款式 	年轻一代生活文化与家居的结合，床品不再完全是保暖、舒适。体现生活，愉悦	新生活方式的表现，未来主题的体现。 	2016.10- 2017.10 	规划阶段 						
											
情感，亲近生活，有未来色彩的家居感。青年人愿意接受与表达的楷模。 	主题与现实产品的结合。 										
古典的艺术风格与较好面料手感的体现。来源于古老的丝绸工艺与现代工艺的互相碰撞。   	印花工艺与丝绸工艺选择上有突破，丝绸的质感提升，需要有更新的工艺保障。 	2016.10- 2017.4 	规划与设计画稿 								
没有了以往套色的限制，印花工艺困难得到释放，也更有助于设计题材的开放。优质的环保工艺，让产品有了更多的说服能力。 	高价的成本，需要全新的产品诉说理念。市场接受价格的影响，也需要优质的设计来补偿。 	2016.5- 2017.17 	画稿设计与落实阶段 								
将羽绒的轻柔、蚕丝的飘感相结合。华丽的体验型产品与未来生活的有效链接，客户对于自己的产品体验会留下美好，认同的趋向。 	主要是工艺特性的突破，以及与既往产品的区分。 	2016.8- 2017.10 	试制阶段 								
											
7 	丝绸风格的缎纹印花 										
8 	数码喷绘与印花 										
9 	轻柔被 										
											
项目 	2016 年度 	2015 年度 	2014 年度 								
研发支出（万元） 	6,796.12 	  6,402.53   	  6,369.16   								
研发支出（万元） 	6,796.12 	  6,402.53   	  6,369.16   								
占营业收入比重 	3.44% 	3.46% 	3.59% 								
占营业收入比重 	3.44% 	3.46% 	3.59% 								
											
序号 	名称 	产品介绍 	主要成果及奖项 								
1 	抗菌防螨除臭新型纤维芯被系列 	银离子抗菌防螨被（枕）、抗菌纤维被/枕、壳聚糖抗菌纤维枕/枕、抗菌防螨羊毛被/床垫、抗菌除臭纤维被/枕 	4 项发明授权，1 项实用新型授权   								
2 	莱赛尔纤维纺织技术新产品 	再生天丝被芯家纺产品 	1 项发明授权 								
3 	卫生整理新材料套件及夏令品 	甲壳素 40s缎纺素色绣花家纺四件套/六件套、抗菌粘胶与棉纤维产品、清新除味光触媒四件套/多件套、全棉 60s 抗菌纤维大提花四件套/六件套、抗菌防螨凉席系列 	2 项发明授权，2 项实用授权  								
3 	卫生整理新材料套件及夏令品 	甲壳素 40s缎纺素色绣花家纺四件套/六件套、抗菌粘胶与棉纤维产品、清新除味光触媒四件套/多件套、全棉 60s 抗菌纤维大提花四件套/六件套、抗菌防螨凉席系列 	2 项发明授权，2 项实用授权  								
4 	麻类纤维纺织技术新产品 	大麻三件套/四件套/大麻床护套、罗布麻藤席、罗布麻纤维与天丝混纺产品系列产品 	2 项发明授权，1 项实用授权  								
5 	复合新型长效负离子系列 	负离子全棉 60s 大提花四件套/六件套、负离子羊毛被、负离子羽绒被、芦荟护肤负离子可水洗蚕丝被、负离子 SORONA 纤维提花套件、负离子蚕丝被/枕系列、负离子纤维被/枕、负离子凉席系列 	负离子蚕丝被获 2011年度上 海市奉贤区 专利新产品；4 项发明授权，  2 项实用授权  								
6 	天然缓释芳香材料技术产品 	芳香仿藤席、馨香纤维/蚕丝被枕系列 	1 项发明授权，1 项实用授权 								
6 	天然缓释芳香材料技术产品 	芳香仿藤席、馨香纤维/蚕丝被枕系列 	1 项发明授权，1 项实用授权 								
7 	药物、物理保健型纤维材料产品 	保健护肤枕套系列产品、翡翠珍珠纤维与天丝混纺家纺产品、中药保健套件、吸湿排汗珍珠家纺产品、珍珠竹纤维家纺产品、中药保健纤维被/枕 	3 项发明授权 								
8 	新型多功能椰炭纤维产品系列 	改性椰炭纤维被、椰炭天丝套件、清馨椰炭纤维被/床垫 	1 项实用授权 								
9 	环保型天然纤维材料产品 	天然棉短绒纤维四件套 	1 项发明授权 								
9 	环保型天然纤维材料产品 	天然棉短绒纤维四件套 	1 项发明授权 								
10 	轻量化控温纤维材料产品 	远红外保暖蚕丝被、量子能纤维被/枕、智能调温被/枕 	2 项发明授权，  2 项实用授权  								
11 	多层结构增柔复合羽绒材料产品 	超柔无噪声羽绒被、无漏洞羽绒被 	2 项实用授权   								
12 	天丝美容巾 	天丝纤维喷气涡流纺制备毛巾 	1 项发明授权   								
12 	天丝美容巾 	天丝纤维喷气涡流纺制备毛巾 	1 项发明授权   								
13 	天丝超柔家纺面料套件 	一种天丝精梳棉混纺超柔家纺面料套件 	1 项发明授权，2016 年获得奉 贤区专利新 产品称号 								
14 	复合长效抗菌防臭羽绒产品 	采用特殊工艺对羽绒纤维进行长效抗菌防臭整理，并制成羽绒被 	1 项发明授权 								
14 	复合长效抗菌防臭羽绒产品 	采用特殊工艺对羽绒纤维进行长效抗菌防臭整理，并制成羽绒被 	1 项发明授权 								
15 	珍珠纤维与天丝混充被 	一种珍珠纤维与天丝混充被 	1 项发明授权   								
序号 	名称 	产品介绍 	主要成果及奖项 								
16 	芳香类长效缓释纤维面料 	采用芳香纤维制成面料坯布，并通过后整理方法提升芳香持久性从而制得长效的芳香面料，并用于套件或被芯面料 	1 项发明授权 								
17 	冰丝席 	纸线和冰丝纱线两种材料编织而成的凉席 	实用新型专利   								
18 	PTT 仿毛面料 	一种 PTT 纤维精梳仿毛面料  	1 项发明授权 								
19 	多功能智能水毯 	具有恒温、负离子等多功能的智能水毯 	1 项发明授权、7 项实用新型专利授权 								
19 	多功能智能水毯 	具有恒温、负离子等多功能的智能水毯 	1 项发明授权、7 项实用新型专利授权 								
											
